Log_Issue_Size,QIB,HNI,RII,Total,RII_to_QIB_Ratio,Is_Oversubscribed,QIB_Dominance,Offer Price,Year,Listing Gain,Listed_At_Premium,IPO_Name,Date
8.133293861222633,17.09,15.79,0.0,16.5,0.0,1,1.0357575757575757,100,2026,3.4,1,Bagmane Prime Offi...,2026-05-14
6.83186726194968,24.87,6.57,2.03,9.5,0.08162444712505025,1,2.6178947368421053,171,2026,11.7,1,Onemi Technology S...,2026-05-08
7.00850518208228,8.54,11.77,0.0,10.01,0.0,1,0.8531468531468531,100,2026,4.5,1,Citius Transnet In...,2026-04-29
5.017677108885302,3.65,7.06,1.54,3.33,0.4219178082191781,1,1.0960960960960962,175,2026,3.49,1,Om Power Transmiss...,2026-04-17
6.015644833359673,1.71,2.36,0.12,1.05,0.07017543859649122,1,1.6285714285714286,392,2026,3.32,1,Sai Parenteral's L...,2026-04-02
7.00397413672268,4.5,0.44,0.15,1.45,0.03333333333333333,1,3.103448275862069,395,2026,-5.06,0,Powerica Ltd,2026-04-02
6.089044875446846,1.11,12.71,1.36,3.23,1.2252252252252251,1,0.34365325077399383,212,2026,-8.02,0,Amir Chand Jagdish...,2026-04-02
7.5188514866532135,3.48,0.35,0.33,1.05,0.09482758620689656,1,3.314285714285714,172,2026,-5.35,0,Central Mine Plann...,2026-03-30
5.993961427306569,2.66,3.05,0.4,1.61,0.15037593984962405,1,1.6521739130434783,320,2026,3.84,1,GSP Crop Science L...,2026-03-24
8.699681400989514,11.61,2.55,0.0,7.49,0.0,1,1.5500667556742322,100,2026,8.0,1,RaajMarg Infra Inv...,2026-03-24
5.769101940776844,13.75,8.26,0.58,3.32,0.04218181818181818,1,4.141566265060241,519,2026,-10.21,0,Innovision Ltd,2026-03-23
5.545099316427645,2.51,2.59,0.27,1.12,0.10756972111553786,1,2.2410714285714284,122,2026,1.6,1,Rajputana Stainles...,2026-03-19
6.992418066860846,8.46,0.77,0.2,2.68,0.02364066193853428,1,3.156716417910448,1352,2026,11.69,1,Sedemac Mechatroni...,2026-03-11
6.369900982828227,2.86,0.73,0.33,1.14,0.11538461538461539,1,2.5087719298245617,227,2026,-9.69,0,Omnitech Engineeri...,2026-03-05
5.941538738338256,1.04,1.54,1.29,1.23,1.2403846153846154,1,0.8455284552845529,386,2026,-3.63,0,PNGS Reva Diamond ...,2026-03-04
8.034251829472673,2.83,0.54,0.06,0.94,0.021201413427561835,0,3.0106382978723407,1053,2026,-9.57,0,Clean Max Enviro E...,2026-03-02
4.711690029365764,3.94,220.3,76.63,43.66,19.449238578680202,1,0.0902427851580394,104,2026,-32.69,0,Shree Ram Twistex ...,2026-03-02
5.111987788356544,1.62,14.03,7.55,7.25,4.660493827160494,1,0.22344827586206897,79,2026,5.06,1,Gaudium IVF and Wo...,2026-02-27
6.918695219020472,1.5,0.05,0.77,0.97,0.5133333333333333,0,1.5463917525773196,129,2026,0.0,0,Aye Finance Ltd,2026-02-16
7.949761942171126,4.18,1.06,1.03,2.66,0.24641148325358855,1,1.5714285714285712,900,2026,0.0,0,Fractal Analytics ...,2026-02-16
7.553952351430679,3.81,0.84,2.31,2.72,0.6062992125984252,1,1.400735294117647,124,2026,-8.87,0,Shadowfax Technolo...,2026-01-28
7.4897585857951885,33.77,37.36,9.31,30.22,0.27568848090020726,1,1.1174718729318334,361,2026,-12.19,0,Amagi Media Labs L...,2026-01-21
6.977383948306801,310.81,258.02,49.25,146.8,0.1584569351050481,1,2.1172343324250678,23,2026,96.57,1,Bharat Coking Coal...,2026-01-19
5.528635121610247,1.06,5.73,19.04,5.21,17.962264150943394,1,0.2034548944337812,114,2025,5.92,1,Gujarat Kidney & S...,2025-12-30
6.469947747952719,1.06,0.42,0.86,0.83,0.8113207547169811,0,1.2771084337349399,384,2025,-3.65,0,KSH International ...,2025-12-23
9.268958275797848,123.87,22.04,2.53,39.17,0.020424638734156775,1,3.162369160071483,2165,2025,20.38,1,ICICI Prudential A...,2025-12-19
6.770846761714678,27.47,24.27,2.31,13.96,0.08409173643975246,1,1.9677650429799425,460,2025,6.89,1,Nephrocare Health ...,2025-12-17
6.825460036255307,11.48,15.15,3.16,8.1,0.27526132404181186,1,1.417283950617284,162,2025,-3.95,0,Park Medi World Lt...,2025-12-17
6.486724654332361,278.52,208.88,28.73,137.04,0.10315237684905933,1,2.032399299474606,1062,2025,36.72,1,Corona Remedies Lt...,2025-12-15
6.827640068680348,120.92,80.62,78.05,101.63,0.6454680780681442,1,1.1898061595985439,124,2025,12.9,1,Aequs Ltd,2025-12-10
8.598256916135965,120.18,38.15,19.04,79.02,0.1584290231319687,1,1.5208807896735006,111,2025,45.23,1,Meesho Ltd,2025-12-10
5.70714348678838,5.12,51.98,27.86,26.59,5.44140625,1,0.19255359157578036,52,2025,0.25,1,Vidya Wires Ltd,2025-12-10
6.79794041297493,213.08,116.72,15.65,93.72,0.07344659282898441,1,2.2735808792146823,593,2025,23.77,1,Sudeep Pharma Ltd,2025-11-28
6.2166061010848646,47.55,101.69,15.62,43.19,0.3284963196635121,1,1.1009492938180134,120,2025,12.5,1,Excelsoft Technolo...,2025-11-26
6.7782159076271515,57.27,69.84,15.82,52.95,0.27623537628775974,1,1.0815864022662889,577,2025,-2.95,0,Capillary Technolo...,2025-11-21
6.720220155135295,5.15,0.88,1.0,2.14,0.1941747572815534,1,2.4065420560747666,228,2025,-4.21,0,Fujiyama Power Sys...,2025-11-20
8.188966863648876,166.42,40.74,5.11,58.83,0.030705444057204666,1,2.828828828828829,397,2025,25.44,1,Tenneco Clean Air ...,2025-11-19
8.15507488781144,2.7,0.48,1.06,1.81,0.3925925925925926,1,1.4917127071823204,109,2025,31.28,1,Physicswallah Ltd,2025-11-18
7.972810784121404,1.26,0.3,1.1,0.97,0.8730158730158731,0,1.2989690721649485,217,2025,0.0,0,Emmvee Photovoltai...,2025-11-18
8.268965138233083,4.0,0.29,1.2,2.46,0.3,1,1.6260162601626016,221,2025,9.5,1,Pine Labs Ltd,2025-11-14
8.79985769690622,22.02,14.2,9.43,17.6,0.4282470481380563,1,1.2511363636363635,100,2025,14.0,1,Billionbrains Gara...,2025-11-12
8.892751516744653,40.35,18.23,7.54,28.26,0.18686493184634448,1,1.4278131634819533,402,2025,-2.99,0,Lenskart Solutions...,2025-11-10
6.123566793990049,159.99,76.99,22.09,73.25,0.13807112944559033,1,2.1841638225255973,585,2025,-2.56,0,Studds Accessories...,2025-11-07
7.419704271533074,117.63,54.42,7.05,48.73,0.05993369038510584,1,2.4139134003693825,730,2025,2.95,1,Orkla India Ltd,2025-11-06
6.113682179832232,139.87,168.07,24.26,87.89,0.17344677200257383,1,1.5914210945500058,1065,2025,9.4,1,Midwest Ltd,2025-10-24
7.831418765185705,7.05,0.33,0.42,2.29,0.059574468085106386,1,3.078602620087336,106,2025,0.0,0,Canara HSBC Life I...,2025-10-17
7.19077399486926,25.92,6.45,1.91,9.74,0.07368827160493827,1,2.6611909650924024,266,2025,5.36,1,Canara Robeco Asse...,2025-10-16
7.2287512304638515,130.26,97.61,35.47,103.9,0.2723015507446645,1,1.2537054860442731,485,2025,27.86,1,Rubicon Research L...,2025-10-16
9.359449794564023,166.51,22.44,3.54,54.02,0.021259984385322204,1,3.0823768974453905,1140,2025,50.44,1,LG Electronics Ind...,2025-10-14
5.993961427306569,2.49,7.29,0.0,4.67,0.0,1,0.5331905781584583,100,2025,3.02,1,Anantam Highways T...,2025-10-16
9.649427214837146,3.42,1.98,1.1,1.95,0.32163742690058483,1,1.7538461538461538,326,2025,1.23,1,Tata Capital Ltd,2025-10-13
5.267136249064462,27.31,175.3,23.06,56.85,0.8443793482240938,1,0.4803869832893579,100,2025,13.0,1,Advance Agrolife L...,2025-10-08
5.443931715353009,2.02,1.97,2.08,2.03,1.0297029702970297,1,0.9950738916256159,191,2025,0.0,0,Fabtech Technologi...,2025-10-07
5.730099782973574,1.87,2.97,1.42,2.05,0.7593582887700534,1,0.9121951219512197,129,2025,-31.78,0,Glottis Ltd,2025-10-07
4.814701509882439,3.97,7.39,2.75,3.87,0.6926952141057934,1,1.0258397932816539,135,2025,-38.89,0,Om Freight Forward...,2025-10-08
6.709731078460892,1.6,2.9,1.03,1.59,0.6437499999999999,1,1.0062893081761006,219,2025,3.58,1,Pace Digitek Ltd,2025-10-06
4.763455164953805,35.66,146.39,47.1,65.1,1.3208076275939429,1,0.5477726574500767,121,2025,3.31,1,Jinkushal Industri...,2025-10-03
6.733735169627479,159.22,98.56,11.0,71.92,0.06908679814093707,1,2.2138487208008897,496,2025,10.89,1,TruAlt Bioenergy L...,2025-10-03
7.1316985104669115,25.29,5.3,3.62,15.9,0.1431395808620008,1,1.590566037735849,232,2025,14.33,1,Jain Resource Recy...,2025-10-01
6.22455842927536,5.1,3.68,1.69,3.07,0.33137254901960783,1,1.6612377850162867,204,2025,-8.77,0,EPack Prefab Techn...,2025-10-01
5.44957816038862,3.09,3.03,0.99,1.5,0.32038834951456313,1,2.06,99,2025,-19.19,0,BMW Ventures Ltd,2025-10-01
6.61472560020376,43.8,28.6,4.78,20.66,0.10913242009132422,1,2.120038722168441,414,2025,4.37,1,Anand Rathi Share ...,2025-09-30
6.70204635739117,189.63,49.89,9.17,68.13,0.04835732742709487,1,2.78335535006605,423,2025,3.07,1,Seshaasai Technolo...,2025-09-30
6.19644412779452,70.43,64.73,49.15,65.01,0.6978560272611103,1,1.0833717889555454,351,2025,10.83,1,Solarworld Energy ...,2025-09-30
6.111467339502679,35.35,35.48,8.71,22.06,0.2463932107496464,1,1.602447869446963,890,2025,0.0,0,Jaro Institute of ...,2025-09-30
6.5350235404906085,194.92,54.2,10.42,70.63,0.05345782885286272,1,2.759733824154042,754,2025,13.81,1,Atlanta Electrical...,2025-09-29
6.0156692358048,4.18,4.34,1.15,2.67,0.2751196172248804,1,1.5655430711610485,322,2025,-8.39,0,Ganesh Consumer Pr...,2025-09-29
6.1425963891118975,186.29,122.73,20.79,89.62,0.11160019324708788,1,2.078665476456148,153,2025,7.84,1,GK Energy Ltd,2025-09-26
6.803505257608338,10.84,10.04,2.66,6.57,0.24538745387453875,1,1.6499238964992389,465,2025,-1.08,0,Saatvik Green Ener...,2025-09-26
6.330237706004665,3.18,1.26,1.28,1.82,0.4025157232704402,1,1.7472527472527473,299,2025,-4.68,0,Ivalue Infosolutio...,2025-09-25
5.0072963928307415,120.8,227.09,47.88,102.26,0.3963576158940398,1,1.1813025620966164,99,2025,6.06,1,VMS TMT Ltd,2025-09-24
6.114367785458937,1.05,1.92,1.23,1.34,1.1714285714285713,1,0.7835820895522388,247,2025,10.71,1,Euro Pratik Sales ...,2025-09-23
4.972240906108944,20.3,87.97,164.72,63.97,8.114285714285714,1,0.31733625136782867,61,2025,0.49,1,Dev Accelerator Lt...,2025-09-17
5.99632770277397,101.41,82.58,27.22,60.29,0.26841534365447195,1,1.68203682202687,165,2025,13.76,1,Shringar House of ...,2025-09-17
7.550135342488429,140.2,74.04,39.25,103.63,0.2799572039942939,1,1.3528900897423526,103,2025,56.31,1,Urban Company Ltd,2025-09-17
4.844187086458591,35.86,209.42,54.98,82.61,1.5331846068042387,1,0.4340878828229028,126,2025,6.35,1,Amanta Healthcare ...,2025-09-09
4.804266916143749,1.07,10.61,47.29,7.12,44.19626168224299,1,0.1502808988764045,91,2025,0.0,0,Anlon Healthcare L...,2025-09-03
6.650279048587422,19.45,58.58,10.97,23.59,0.5640102827763497,1,0.8245019075879609,97,2025,2.78,1,Vikran Engineering...,2025-09-03
5.993961427306569,10.54,18.79,4.84,9.46,0.45920303605313095,1,1.114164904862579,561,2025,-0.53,0,Mangal Electrical ...,2025-08-28
6.114235124275405,55.28,45.06,10.31,30.27,0.18650506512301013,1,1.8262305913445656,325,2025,0.0,0,Gem Aromatics Ltd,2025-08-26
6.0203192180120855,110.41,72.7,21.94,58.1,0.19871388461190112,1,1.9003442340791736,252,2025,7.88,1,Shreeji Shipping G...,2025-08-26
5.496184134677454,272.43,108.18,42.49,95.7,0.15596667033733436,1,2.8467084639498434,255,2025,19.61,1,Patel Retail Ltd,2025-08-26
7.640301041491156,142.79,50.9,7.65,54.63,0.05357518033475734,1,2.613765330404539,332,2025,2.41,1,Vikram Solar Ltd,2025-08-26
5.726847747587197,190.97,356.73,57.75,159.88,0.3024035188773106,1,1.1944583437578185,102,2025,39.02,1,Regaal Resources L...,2025-08-20
7.340608550409168,4.28,0.55,1.35,2.7,0.31542056074766356,1,1.5851851851851853,517,2025,-1.59,0,Bluestone Jeweller...,2025-08-19
8.188966863648876,15.8,10.97,1.81,7.77,0.11455696202531646,1,2.0334620334620337,147,2025,4.08,1,JSW Cement Ltd,2025-08-14
5.995456568377519,10.15,13.47,5.14,8.34,0.5064039408866995,1,1.2170263788968825,275,2025,14.29,1,All Time Plastics ...,2025-08-14
4.875197323201151,420.57,447.32,155.58,300.61,0.36992652828304445,1,1.3990552543162236,70,2025,67.14,1,Highway Infrastruc...,2025-08-12
8.476579508530941,6.75,15.51,0.0,10.73,0.0,1,0.6290773532152842,100,2025,4.0,1,Knowledge Realty T...,2025-08-18
6.478509642208569,36.72,38.24,32.55,36.2,0.886437908496732,1,1.0143646408839777,385,2025,0.26,1,M & B Engineering Ltd,2025-08-06
6.675823221634848,163.9,57.71,20.28,69.14,0.12373398413666871,1,2.3705525021695113,150,2025,19.4,1,Sri Lotus Developers & Realty Ltd,2025-08-06
8.297194689246101,103.97,34.98,7.73,41.01,0.0743483697220352,1,2.535235308461351,800,2025,10.0,1,National Securities Depository Ltd (NSDL),2025-08-06
7.170888478512505,133.21,72.0,50.87,100.69,0.38187823736956683,1,1.3229714966729567,675,2025,50.81,1,Aditya Infotech Ltd,2025-08-05
5.542282633554545,1.3,1.84,2.22,1.87,1.7076923076923078,1,0.6951871657754011,158,2025,-13.92,0,Laxmi India Finance Ltd,2025-08-05
5.889182621059753,117.33,151.48,30.37,81.17,0.2588425807551351,1,1.4454847850190957,199,2025,15.13,1,Shanti Gold International Ltd,2025-08-01
6.634107595494159,5.42,1.92,6.4,4.48,1.1808118081180812,1,1.2098214285714284,90,2025,-8.89,0,Brigade Hotel Ventures Limited,2025-07-31
6.13435203465653,266.21,227.67,46.84,147.93,0.17595131662972843,1,1.7995673629419318,237,2025,47.68,1,GNG Electronics Limited,2025-07-30
6.55250788703459,14.35,8.27,12.9,12.41,0.8989547038327527,1,1.1563255439161966,237,2025,-7.72,0,Indiqube Spaces Limited,2025-07-30
8.130353547431238,182.65,42.36,5.64,63.86,0.03087872981111415,1,2.8601628562480426,570,2025,26.86,1,Anthem Biosciences Limited,2025-07-21
6.369147274203694,24.41,22.78,3.53,13.45,0.1446128635804998,1,1.8148698884758365,407,2025,7.15,1,Smartworks Coworking Limited,2025-07-17
7.601402334583733,7.7,1.58,0.69,2.88,0.0896103896103896,1,2.673611111111111,1100,2025,2.38,1,Travel Food Services Limited,2025-07-14
6.7580945044277305,134.35,76.15,10.24,59.82,0.07621883141049499,1,2.2459043798060847,245,2025,14.29,1,Crizac Limited,2025-07-09
5.303304908059076,33.26,48.39,14.78,25.98,0.444377630787733,1,1.2802155504234025,111,2025,0.0,0,Indogulf Cropsciences Limited,2025-07-03
9.433563920090563,55.47,9.99,1.41,16.69,0.02541914548404543,1,3.3235470341521864,740,2025,12.84,1,HDB Financial Services Limited,2025-07-02
6.293419278846481,62.32,31.82,7.99,28.46,0.12820924261874198,1,2.1897399859451863,82,2025,34.27,1,Sambhv Steel Tubes Limited,2025-07-02
4.787491742782046,99.76,143.15,53.72,86.04,0.5384923817161187,1,1.1594607159460715,71,2025,28.31,1,Globe Civil Projects Limited,2025-07-01
7.372118028337787,3.12,1.31,1.29,2.26,0.41346153846153844,1,1.3805309734513276,414,2025,0.02,1,Kalpataru Limited,2025-07-01
6.749380691001656,64.23,15.21,2.14,22.19,0.03331776428460221,1,2.8945470932852637,400,2025,23.0,1,Ellenbarrie Industrial Gases Limited,2025-07-01
6.215807378997674,1.42,3.14,5.59,2.65,3.9366197183098595,1,0.5358490566037736,222,2025,-5.81,0,Arisinfra Solutions Limited,2025-06-25
7.235864067842073,88.08,36.7,3.6,34.42,0.04087193460490463,1,2.5589773387565367,614,2025,2.93,1,Oswal Pumps Limited,2025-06-20
5.3981627015177525,69.51,113.03,19.4,53.78,0.2790965328729679,1,1.2924879137225735,140,2025,0.0,0,Scoda Tubes Limited,2025-06-04
5.1298987149230735,104.49,222.14,39.49,97.2,0.37793090247870614,1,1.075,105,2025,19.05,1,Prostarm Info Systems Limited,2025-06-03
7.937731775260109,3.3,0.56,0.77,2.09,0.23333333333333336,1,1.5789473684210527,235,2025,-6.38,0,Aegis Vopak Terminals Limited,2025-06-02
8.160803920954665,7.46,1.02,0.83,4.5,0.11126005361930294,1,1.6577777777777778,435,2025,-6.55,0,Schloss Bangalore Limited,2025-06-02
7.67368812926773,108.35,38.33,4.27,41.3,0.03940932164282418,1,2.623486682808717,90,2025,9.44,1,Belrise Industries Limited,2025-05-28
4.982852913083804,87.21,237.42,200.53,148.78,2.2993922715284945,1,0.5861674956311331,216,2025,12.5,1,Borana Weaves Limited,2025-05-27
8.0002824239943,1.7,0.66,1.78,1.43,1.0470588235294118,1,1.1888111888111887,321,2025,1.57,1,Ather Energy Limited,2025-05-06
6.756583491180399,1.03,1.45,1.83,1.29,1.7766990291262137,1,0.7984496124031008,425,2025,1.66,1,Quality Power Electronics Limited,2025-02-24
9.076923258535832,9.09,0.2,0.11,2.66,0.0121012101210121,1,3.4172932330827064,708,2025,3.25,1,Hexaware Technologies Limited,2025-02-19
7.146677686799371,14.41,6.46,1.92,6.44,0.13324080499653018,1,2.2375776397515525,629,2025,-5.72,0,Ajax Engineering Limited,2025-02-17
8.015743476128725,4.64,0.4,0.41,1.55,0.08836206896551724,1,2.993548387096774,402,2025,-1.27,0,Dr Agarwal's Healthcare Limited,2025-02-04
5.40042258948519,236.94,507.27,90.56,221.68,0.3822064657719254,1,1.0688379646337063,294,2025,12.24,1,Denta Water & Infrastructure Limited,2025-01-29
5.300564839088516,172.93,422.42,96.89,188.37,0.5602845081825015,1,0.9180336571640919,90,2025,33.33,1,Stallion India Fluorochem Limited,2025-01-23
6.549736575459905,110.38,147.95,76.24,114.42,0.6907048378329407,1,0.9646914875021849,428,2025,23.36,1,Laxmi Dental Limited,2025-01-20
7.364547014255642,0.58,4.24,0.0,2.23,0.0,1,0.2600896860986547,99,2025,0.0,0,Capital Infra Trust,2025-01-17
5.673323267171493,132.54,254.71,246.94,186.66,1.8631356571601028,1,0.7100610736097718,290,2025,28.97,1,Quadrant Future Tek Limited,2025-01-14
6.018714861598142,331.6,268.5,64.99,183.18,0.19598914354644148,1,1.8102412927175457,140,2025,25.71,1,Standard Glass Lining Technology Limited,2025-01-13
5.565094954882308,242.4,503.83,104.92,229.68,0.43283828382838285,1,1.0553814002089865,215,2025,20.19,1,Indo Farm Equipment Limited,2025-01-07
6.2166061010848646,317.63,263.78,56.74,175.31,0.1786355193149262,1,1.8118190633734528,785,2024,89.94,1,Unimech Aerospace and Manufacturing Limited,2024-12-31
7.3783837129967145,9.08,13.85,5.87,9.8,0.6464757709251101,1,0.9265306122448979,643,2024,11.69,1,Ventive Hospitality Limited,2024-12-30
7.1316985104669115,2.21,0.6,0.71,1.12,0.3212669683257918,1,1.9732142857142856,704,2024,-6.25,0,Carraro India Limited,2024-12-30
6.368375847798085,94.66,96.11,89.23,93.41,0.9426368054088317,1,1.013381864896692,391,2024,51.84,1,Senores Pharmaceuticals Limited,2024-12-30
6.733294743240011,201.06,76.41,22.07,80.8,0.10976822838953547,1,2.4883663366336637,432,2024,35.45,1,Transrail Lighting Limited,2024-12-27
6.734888880958938,166.33,98.62,27.13,82.08,0.16310948115192686,1,2.026437621832359,283,2024,38.83,1,Dam Capital Advisors Limited,2024-12-27
5.194899407349548,235.88,274.38,138.08,194.95,0.5853823978294048,1,1.2099512695562966,243,2024,146.91,1,Mamata Machinery Limited,2024-12-27
6.311734809152915,75.62,42.21,8.93,35.12,0.11809045226130652,1,2.153189066059226,321,2024,30.56,1,Sanathan Textiles Limited,2024-12-27
6.217264566883401,17.32,14.2,5.56,10.67,0.32101616628175517,1,1.6232427366447986,701,2024,18.69,1,Concord Enviro Systems Limited,2024-12-27
8.349011198176003,45.8,24.84,11.21,33.78,0.24475982532751095,1,1.3558318531675546,417,2024,21.07,1,International Gemmological Institute (India) Limited,2024-12-20
7.8236139175174095,80.64,23.25,14.55,52.68,0.18043154761904762,1,1.530751708428246,1329,2024,39.65,1,Inventurus Knowledge Solutions Limited,2024-12-19
8.987321812850125,80.75,14.25,2.31,27.28,0.028606811145510835,1,2.9600439882697946,78,2024,41.03,1,Vishal Mega Mart Limited,2024-12-18
6.35088571671474,119.5,108.95,134.67,119.38,1.1269456066945607,1,1.0010051934997488,279,2024,58.51,1,One Mobikwik Systems Limited,2024-12-18
8.020802875446503,30.93,4.92,1.37,10.26,0.044293566117038476,1,3.0146198830409356,549,2024,20.22,1,Sai Life Sciences Limited,2024-12-18
6.741995810487161,1.74,1.41,0.95,1.27,0.5459770114942528,1,1.3700787401574803,441,2024,-0.91,0,Suraksha Diagnostic Limited,2024-12-06
6.478970365552356,157.05,153.8,24.48,89.9,0.15587392550143267,1,1.746941045606229,148,2024,47.3,1,Enviro Infra Engineers Limited,2024-11-29
9.210440366976517,3.32,0.81,3.44,2.42,1.036144578313253,1,1.3719008264462809,108,2024,3.33,1,NTPC Green Energy Limited,2024-11-27
7.017255215404227,2.76,0.24,1.66,1.86,0.6014492753623188,1,1.4838709677419353,273,2024,2.22,1,Zinka Logistics Solution Limited (BlackBuck),2024-11-22
7.696667081526462,2.06,0.68,2.73,1.8,1.3252427184466018,1,1.1444444444444444,74,2024,6.08,1,Niva Bupa Health Insurance Company Limited,2024-11-14
9.335068126044554,6.02,0.41,1.14,3.59,0.1893687707641196,1,1.6768802228412256,390,2024,5.64,1,Swiggy Limited,2024-11-13
7.972810784121404,3.54,0.97,3.1,2.75,0.8757062146892656,1,1.2872727272727273,289,2024,-10.38,0,ACME Solar Holdings Limited,2024-11-13
7.6532102391654275,3.52,1.93,4.16,3.2,1.1818181818181819,1,1.0999999999999999,30,2024,3.53,1,Sagility India Limited,2024-11-12
8.599878558034845,3.79,5.05,0.94,2.63,0.2480211081794195,1,1.44106463878327,463,2024,-7.12,0,Afcons Infrastructure Limited,2024-11-04
6.320318552844306,2.76,0.9,1.71,1.83,0.6195652173913044,1,1.5081967213114753,352,2024,-11.78,0,Godavari Biorefineries Limited,2024-10-30
5.564673652285065,13.91,82.47,39.79,41.54,2.860531991373113,1,0.33485796822339914,203,2024,-2.22,0,Deepak Builders & Engineers India Limited,2024-10-28
8.371575336605119,208.63,62.49,10.79,76.34,0.051718353065235104,1,2.732905423107152,1503,2024,69.66,1,Waaree Energies Limited,2024-10-28
10.234940068557131,6.97,0.6,0.5,2.37,0.07173601147776183,1,2.940928270042194,1960,2024,-1.48,0,Hyundai Motor India Limited,2024-10-22
5.5801071132949795,1.24,9.03,10.81,7.55,8.717741935483872,1,0.16423841059602648,95,2024,8.63,1,Garuda Construction and Engineering Limited,2024-10-15
5.0686525982435615,95.74,207.6,85.61,114.49,0.8941926049717986,1,0.8362302384487728,168,2024,11.9,1,Diffusion Engineers Limited,2024-10-04
5.83758466394533,253.04,431.63,98.29,214.42,0.3884366108125198,1,1.180113795354911,220,2024,113.64,1,KRN Heat Exchanger and Refrigeration Limited,2024-10-03
5.022827334861618,148.55,511.62,143.95,224.05,0.9690339952877818,1,0.6630216469538049,120,2024,25.0,1,Manba Finance Limited,2024-09-30
6.018593214496234,163.16,163.02,51.39,106.83,0.3149669036528561,1,1.5272863427876064,128,2024,37.42,1,Arkade Developers Limited,2024-09-24
6.656726524178391,240.79,142.41,31.08,110.91,0.1290751277046389,1,2.1710395816427734,263,2024,33.46,1,Northern ARC Capital Limited,2024-09-24
6.202292572699543,27.99,44.71,25.95,30.57,0.9271168274383709,1,0.915603532875368,172,2024,-1.16,0,Western Carriers Limited,2024-09-24
7.00397413672268,136.85,56.08,16.58,59.4,0.12115454877603214,1,2.3038720538720536,480,2024,73.75,1,P N Gadgil Jewellers Limited,2024-09-17
5.442417710521793,25.42,27.41,21.52,23.89,0.8465774980330448,1,1.0640435328589368,226,2024,0.44,1,Tolins Tyres Limited,2024-09-16
8.788898309344878,209.36,41.51,7.04,63.61,0.033626289644631255,1,3.291306398365037,70,2024,114.29,1,Bajaj Housing Finance Limited,2024-09-16
6.2166061010848646,23.32,22.24,10.76,16.81,0.4614065180102916,1,1.3872694824509222,240,2024,0.0,0,Kross Limited,2024-09-16
5.139614675352716,150.87,210.12,73.22,124.75,0.48531848611387285,1,1.20937875751503,83,2024,11.93,1,Shree Tirupati Balajee Agro Trading Company Limited,2024-09-12
5.129484427934637,232.54,414.62,91.95,201.41,0.39541584243571,1,1.1545603495357728,529,2024,41.78,1,Gala Precision Engineering Limited,2024-09-09
6.728245764687989,81.83,59.43,9.12,40.66,0.11145056825125259,1,2.012543039842597,389,2024,0.0,0,Baazar Style Retail Limited,2024-09-06
6.400589616047633,136.85,71.23,19.79,64.26,0.14461088783339424,1,2.1296296296296293,334,2024,17.16,1,Ecos (India) Mobility & Hospitality Limited,2024-09-04
7.948526567960397,216.67,50.04,7.69,74.38,0.03549176166520515,1,2.9130142511427803,450,2024,120.22,1,Premier Energies Limited,2024-09-03
5.374166678831474,189.9,300.6,66.87,151.71,0.352132701421801,1,1.2517302748665216,206,2024,40.78,1,Orient Technologies Limited,2024-08-28
6.3990773472736056,205.41,128.42,19.11,93.53,0.09303344530451292,1,2.1961937346305995,900,2024,43.47,1,Interarch Building Products Limited,2024-08-26
5.081466474856847,64.12,358.65,61.88,107.52,0.965065502183406,1,0.5963541666666667,160,2024,25.0,1,Saraswati Saree Depot Limited,2024-08-20
8.341584254493847,19.3,4.68,2.31,12.22,0.11968911917098446,1,1.579378068739771,465,2024,34.41,1,Brainbees Solutions Limited,2024-08-13
5.626073153628491,138.75,252.48,131.15,168.39,0.9452252252252252,1,0.8239800463210405,108,2024,112.96,1,Unicommerce eSolutions Limited,2024-08-13
8.723647854712725,5.31,2.4,3.92,4.27,0.7382297551789078,1,1.243559718969555,76,2024,-0.01,0,Ola Electric Mobility Limited,2024-08-09
7.133822552053442,31.5,14.42,3.77,13.78,0.11968253968253968,1,2.285921625544267,401,2024,2.99,1,Ceigall India Limited,2024-08-08
7.5271159741674865,90.09,42.21,21.3,63.56,0.23643023643023642,1,1.4174008810572687,679,2024,6.77,1,Akums Drugs and Pharmaceuticals Limited,2024-08-06
6.237445332324949,145.68,136.5,24.23,82.99,0.1663234486545854,1,1.7553922159296302,95,2024,12.0,1,Sanstar Limited,2024-07-26
7.577137291741803,195.83,48.32,7.21,67.87,0.036817647959965276,1,2.885369087962281,1008,2024,31.45,1,Emcure Pharmaceuticals Limited,2024-07-10
6.61472560020376,146.05,51.46,13.64,59.57,0.09339267374186921,1,2.451737451737452,256,2024,37.52,1,Bansal Wire Industries Limited,2024-07-10
5.147494476813453,163.9,208.81,54.93,119.04,0.33514338010982303,1,1.3768481182795698,207,2024,15.94,1,Vraj Iron & Steel Limited,2024-07-03
7.313886831633462,50.37,32.4,4.51,23.55,0.08953742306928728,1,2.138853503184713,281,2024,13.2,1,Allied Blenders and Distillers Limited,2024-07-02
6.287895734192011,0.74,8.86,6.11,5.22,8.256756756756758,1,0.1417624521072797,369,2024,35.23,1,Stanley Lifestyles Limited,2024-06-28
9.798182590890704,17.56,4.13,0.92,6.36,0.05239179954441914,1,2.7610062893081757,11,2024,9.09,1,Vodafone Idea Ltd ,2024-04-25
8.360773272144936,48.57,10.52,2.83,29.88,0.05826641960057649,1,1.6255020080321285,570,2024,32.49,1,Bharti Hexacom Ltd ,2024-04-12
4.876722876509988,59.59,214.94,46.97,86.57,0.7882194999160932,1,0.6883446921566363,210,2024,7.14,1,SRM Contractors Ltd ,2024-04-03
5.707508856397014,7.33,43.91,3.32,13.21,0.45293315143246926,1,0.554882664647994,715,2024,11.19,1,Krystal Integrated Services Ltd ,2024-03-21
6.401170649473401,1.97,0.66,1.05,1.23,0.5329949238578681,1,1.6016260162601625,295,2024,-1.02,0,Popular Vehicles & Services Ltd ,2024-03-19
6.478509642208569,17.5,9.5,4.01,9.02,0.22914285714285712,1,1.9401330376940134,401,2024,-12.72,0,Gopal Snacks Ltd,2024-03-14
5.530182771674116,32.09,46.33,17.44,27.78,0.5434714864443752,1,1.1551475881929447,221,2024,-4.52,0,J.G.Chemicals Ltd ,2024-03-13
6.0510533385196394,20.58,34.36,34.03,25.94,1.6535471331389702,1,0.7933693138010793,288,2024,-12.5,0,R K Swamy Ltd ,2024-03-12
5.41610040220442,189.28,250.38,58.52,136.99,0.3091715976331361,1,1.3817066939192642,28,2024,57.14,1,Mukka Proteins Ltd ,2024-03-07
7.824441932468986,8.92,6.93,0.0,8.01,0.0,1,1.1136079900124844,100,2024,1.0,1,Indus Infra Trust ,2024-03-12
6.063785208687608,121.8,153.22,119.59,129.54,0.9818555008210181,1,0.9402501157943493,142,2024,85.92,1,Exicom Tele-Systems Ltd ,2024-03-05
5.46518681878307,151.0,141.83,50.99,99.03,0.337682119205298,1,1.5247904675350903,171,2024,33.33,1,Platinum Industries Ltd ,2024-03-05
6.265567337019319,17.3,11.02,2.44,8.52,0.14104046242774565,1,2.030516431924883,186,2024,16.21,1,GPT Healthcare Ltd ,2024-02-29
7.496097345175956,0.0,0.06,0.52,0.11,0.0,0,0.0,360,2024,0.33,1,Juniper Hotels Ltd ,2024-02-28
4.292785500895938,178.73,721.34,188.17,298.86,1.052817098416606,1,0.5980392156862745,151,2024,178.81,1,Vibhor Steel Tubes Limited,2024-02-20
7.3783837129967145,2.28,0.22,1.33,1.53,0.5833333333333334,1,1.4901960784313724,1258,2024,-1.03,0,Entero Healthcare Solutions Limited,2024-02-16
6.3473892096560105,38.75,25.05,5.46,18.5,0.14090322580645162,1,2.0945945945945947,414,2024,-4.35,0,Jana Small Finance Bank Limited,2024-02-14
6.261625263185248,6.64,4.05,2.49,4.0,0.37500000000000006,1,1.66,468,2024,-7.05,0,Capital Small Finance Bank Limited,2024-02-14
6.398594934535208,143.66,62.75,10.44,59.71,0.07267158568843102,1,2.405962150393569,311,2024,7.72,1,Rashi Peripherals Limited,2024-02-14
6.825460036255307,75.14,52.41,30.35,59.66,0.40391269630023957,1,1.259470331880657,155,2024,20.65,1,Apeejay Surrendra Group (conglomerate),2024-02-12
5.737507344057822,123.3,300.14,237.0,162.47,1.9221411192214113,1,0.7589093371083893,135,2024,128.89,1,BLS E-Services Limited,2024-02-06
4.975422538340511,79.31,224.08,77.12,109.37,0.9723868364645064,1,0.7251531498582793,41,2024,36.59,1,Nova Agritech Limited,2024-01-31
6.46310745699871,25.5,28.1,6.29,16.37,0.24666666666666667,1,1.5577275503970678,230,2024,-2.17,0,Epack Durable Limited,2024-01-30
7.066961728270041,40.14,14.85,3.19,16.25,0.0794718485301445,1,2.4701538461538464,418,2024,11.24,1,Medi Assist Healthcare Services Limited,2024-01-23
6.90875477931522,44.13,36.48,26.17,38.53,0.5930206208928167,1,1.1453412924993511,331,2024,12.39,1,Jyoti CNC Automation Limited,2024-01-16
6.3473892096560105,116.73,64.95,17.15,55.26,0.14692024329649617,1,2.1123778501628667,448,2023,1.81,1,Innova Captab Limited,2023-12-29
6.608000625296087,179.66,87.61,23.79,80.65,0.13241678726483358,1,2.227650340979541,524,2023,35.5,1,Azad Engineering Limited,2023-12-28
6.917299586825058,220.48,62.17,15.09,82.04,0.06844158200290276,1,2.6874695270599704,850,2023,17.79,1,Happy Forgings Limited,2023-12-27
6.311335455374621,104.95,55.52,19.94,51.85,0.1899952358265841,1,2.0241080038572807,280,2023,0.71,1,Credo Brands Marketing Limited,2023-12-27
4.61512051684126,13.43,9.27,24.74,16.86,1.842144452717796,1,0.7965599051008304,100,2023,0.0,0,RBZ Jewellers Limited,2023-12-27
6.8679744089702925,17.47,13.2,7.61,11.52,0.4356038923869491,1,1.5164930555555556,291,2023,-4.47,0,Muthoot Microfin Limited,2023-12-26
5.024472450884278,157.4,233.91,122.28,159.61,0.7768742058449809,1,0.9861537497650522,55,2023,88.91,1,Motisons Jewellers Limited,2023-12-26
5.993961427306569,24.31,18.9,9.3,15.65,0.38255861785273554,1,1.5533546325878593,360,2023,-4.5,0,Suraj Estate Developers Limited,2023-12-26
7.286410868768567,147.8,53.2,15.3,61.28,0.10351826792963464,1,2.411879895561358,660,2023,41.39,1,Inox India Limited,2023-12-21
7.0909098220799835,115.97,66.51,69.67,93.52,0.6007588169354143,1,1.2400556030795553,790,2023,77.22,1,Doms Industries Limited,2023-12-20
7.0909098220799835,89.7,28.51,9.95,36.71,0.11092530657748048,1,2.4434758921274855,493,2023,24.28,1,India Shelter Finance Limited,2023-12-20
6.386879319362645,115.6,33.37,13.01,46.68,0.11254325259515571,1,2.4764353041988003,304,2023,65.46,1,Flair Writing Instruments Limited,2023-12-01
8.020766733619398,203.41,62.11,16.5,69.43,0.08111695590187307,1,2.9297133803831192,500,2023,139.99,1,Tata Technologies Limited,2023-11-30
6.217982399061142,129.0,62.23,28.95,64.07,0.22441860465116278,1,2.0134228187919465,169,2023,74.79,1,Gandhar Oil Refineries Limited,2023-11-30
6.996919337289842,3.51,1.45,1.82,2.2,0.5185185185185186,1,1.5954545454545452,140,2023,-1.61,0,Fedbank Financial Services Limited,2023-11-30
7.6737857535120915,104.57,24.16,7.73,38.8,0.07392177488763509,1,2.6951030927835053,32,2023,56.25,1,Indian Renewable Energy Development Agency Limited (IREDA),2023-11-29
6.727323934610559,142.41,35.47,5.7,51.14,0.04002527912365705,1,2.7847086429409464,282,2023,8.12,1,ASK Automotive Limited,2023-11-15
6.196342289615299,46.94,31.62,8.93,23.86,0.1902428632296549,1,1.967309304274937,792,2023,0.0,0,Protean eGov Technologies Limited,2023-11-13
6.139884552226255,173.52,84.37,16.97,73.15,0.09779852466574457,1,2.372112098427888,60,2023,19.83,1,ESAF Small Finance Bank Limited,2023-11-10
7.439817795111894,11.5,4.02,1.35,7.61,0.11739130434782609,1,1.5111695137976346,324,2023,0.0,0,Honasa Consumer Limited (Mamaearth),2023-11-07
7.550135342488429,108.57,24.42,3.06,38.9,0.02818458137607074,1,2.7910025706940873,648,2023,28.24,1,Cello World Limited,2023-11-06
6.734912654821954,13.72,13.59,2.24,7.95,0.163265306122449,1,1.7257861635220126,346,2023,4.02,1,Blue Jet Healthcare Limited,2023-11-01
6.30144612705453,44.73,48.34,9.29,27.05,0.2076905879722781,1,1.653604436229205,505,2023,-5.15,0,IRM Energy Limited,2023-10-26
4.280547465724028,42.84,388.09,374.81,160.97,8.74906629318394,1,0.26613654718270485,54,2023,55.56,1,Plaza Wires Limited,2023-10-12
5.033439946749519,20.83,73.64,16.06,29.76,0.771003360537686,1,0.6999327956989246,140,2023,15.0,1,Valiant Laboratories Limited,2023-10-06
7.937731775260109,57.09,15.99,10.32,37.37,0.18076720966894377,1,1.5276960128445278,119,2023,20.17,1,JSW Infrastructure Limited,2023-10-03
6.46302945692067,4.48,0.85,1.39,2.9,0.3102678571428571,1,1.5448275862068968,300,2023,-0.03,0,Updater Services Limited,2023-10-04
5.60285655606624,1.06,5.18,1.66,2.25,1.5660377358490565,1,0.47111111111111115,215,2023,0.0,0,Manoj Vaibhav Gems,2023-10-03
6.594413459749778,12.71,13.54,6.82,11.88,0.5365853658536586,1,1.0698653198653199,385,2023,15.58,1,Signature Global India Limited,2023-09-27
7.091742115095153,12.35,2.47,0.88,4.4,0.07125506072874495,1,2.8068181818181817,222,2023,3.65,1,Sai Silks (Kalamandir) Limited,2023-09-27
6.654152520183219,2.05,0.42,2.11,1.61,1.0292682926829269,1,1.2732919254658384,142,2023,-8.45,0,Yatra Online Limited,2023-09-28
7.22336861636261,8.82,1.22,1.11,5.33,0.12585034013605442,1,1.6547842401500938,126,2023,3.61,1,Samhi Hotels Limited,2023-09-22
6.335727783489703,16.73,8.85,5.94,12.57,0.35505080693365215,1,1.3309466984884646,164,2023,-1.22,0,Zaggle Prepaid Ocean Limited,2023-09-22
7.583252613348937,52.26,13.23,2.13,18.69,0.04075774971297359,1,2.796147672552167,1035,2023,13.91,1,R R Kabel Limited,2023-09-20
5.775327641819297,0.67,29.73,16.62,15.05,24.80597014925373,1,0.04451827242524917,211,2023,33.44,1,EMS Limited,2023-09-21
6.768585161444106,187.32,34.75,7.73,63.72,0.04126628229767244,1,2.9397363465160073,735,2023,30.61,1,Jupiter Life Line Limited,2023-09-18
5.112168494919695,133.05,135.21,54.01,93.99,0.4059376174370537,1,1.4155761251196939,98,2023,30.61,1,Ratnaveer Precision Limited,2023-09-11
6.19803146201739,72.54,31.29,8.44,31.65,0.11634960022056795,1,2.2919431279620857,441,2023,4.31,1,Rishabh Instruments Limited,2023-09-11
5.735313440935549,171.69,111.03,32.02,87.82,0.1864989224765566,1,1.9550216351628331,99,2023,64.95,1,Vishnu Prakash R P Limited,2023-09-05
5.863631175598097,194.73,126.13,34.41,97.11,0.17670620859651825,1,2.0052517763361135,108,2023,82.78,1,Aeroflex Industries Limited,2023-08-31
5.037277225042677,9.94,32.24,14.72,18.29,1.4808853118712275,1,0.5434663750683434,166,2023,11.45,1,Pyramid Technoplast Limited,2023-08-29
6.78105762593618,1.35,2.35,7.61,2.78,5.637037037037037,1,0.485611510791367,197,2023,4.72,1,TVS Supply Chain Solutions Limited,2023-08-23
7.346990374556236,67.67,16.99,3.78,24.87,0.05585931727501108,1,2.7209489344591877,741,2023,21.46,1,Concord Biotech Limited,2023-08-18
6.933423025730715,192.9,49.09,10.99,70.16,0.0569725246241576,1,2.749429874572406,57,2023,43.84,1,SBFC Finance Limited,2023-08-16
6.533134554168954,85.1,37.22,8.34,36.16,0.09800235017626323,1,2.353429203539823,300,2023,1.33,1,Yatharth Hospital & Trauma Care Services Limited,2023-08-07
6.448889394146858,228.91,81.81,19.15,90.36,0.08365733257612161,1,2.533311199645861,500,2023,88.5,1,Netweb Technologies India Limited,2023-07-27
6.2166061010848646,124.85,81.64,72.11,101.91,0.5775730877052463,1,1.2251005789422038,25,2023,59.8,1,Utkarsh Small Finance Bank Limited,2023-07-21
6.0063531596017325,180.94,64.99,15.46,73.35,0.08544268818392838,1,2.466802999318337,317,2023,35.96,1,Senco Gold Limited,2023-07-14
6.385194398997726,90.44,45.05,49.22,67.31,0.5442282176028306,1,1.343633932550884,265,2023,51.32,1,Cyient DLM Limited,2023-07-10
6.342561462732653,125.81,80.58,85.2,106.06,0.6772116683888403,1,1.186215349801999,672,2023,94.21,1,Ideaforge Technologies Limited,2023-07-07
6.175867270105761,1.74,2.97,0.96,1.62,0.5517241379310345,1,1.074074074074074,585,2023,5.13,1,HMA Agro Industries Limited,2023-07-04
6.409352175214703,163.58,63.35,13.86,66.3,0.08472918449688224,1,2.467269984917044,285,2023,37.19,1,IKIO Technologies Limited (formerly IKIO Lighting Limited),2023-06-16
8.071218539969863,0.0,0.0,0.0,3.61,0.0,1,0.0,100,2023,2.27,1,Nexus Select Trust,2023-05-19
8.372712935284994,49.16,3.8,0.92,15.32,0.01871440195280716,1,3.2088772845953,1080,2023,20.37,1,Mankind Pharma Limited,2023-05-09
6.763884908562435,3.57,0.41,0.84,2.21,0.23529411764705882,1,1.6153846153846154,436,2023,-1.15,0,Avalon Technologies Limited,2023-04-18
4.204692619390966,40.47,60.42,14.1,30.63,0.34840622683469236,1,1.3212536728697355,35,2023,0.0,0,Udayshivakumar Infosolutions Limited,2023-04-03
5.049727793902352,8.95,33.1,5.12,12.21,0.5720670391061453,1,0.7330057330057329,140,2023,16.43,1,Global Surfaces Limited,2023-03-23
6.023738107658278,7.83,1.4,4.31,5.44,0.5504469987228607,1,1.4393382352941175,590,2023,1.69,1,Divgi Torqtransfer Systems Limited,2023-03-14
4.209160236650682,2.4,32.69,39.78,17.46,16.575000000000003,1,0.1374570446735395,65,2023,30.77,1,Sah Polymers Limited,2023-01-12
5.55156326167869,1.01,0.66,0.21,0.53,0.2079207920792079,0,1.9056603773584906,94,2023,5.64,1,Radiant Cash Management Services Limited,2023-01-04
6.16541785423142,4.51,3.29,2.2,3.09,0.48780487804878053,1,1.4595469255663431,247,2022,-1.62,0,Elin Electronics Limited,2022-12-30
7.313886831633462,4.17,0.23,1.36,2.59,0.3261390887290168,1,1.6100386100386102,366,2022,0.82,1,KFin Technologies Limited,2022-12-29
6.315358001522335,8.71,1.32,0.59,3.06,0.06773823191733638,1,2.84640522875817,506,2022,-6.86,0,Landmark Cars Limited,2022-12-23
5.848171377281505,4.1,1.48,0.4,1.1,0.09756097560975611,1,3.7272727272727266,270,2022,0.0,0,Abans Financial Services Limited,2022-12-23
6.868338546618346,4.13,1.51,1.65,2.33,0.39951573849878935,1,1.7725321888412016,357,2022,0.28,1,Sula Vineyards Limited,2022-12-22
6.729358012080336,67.14,17.86,4.63,25.32,0.06896038129282096,1,2.6516587677725116,577,2022,-0.35,0,Uniparts India Limited,2022-12-12
5.529786166608236,48.21,52.29,21.53,35.49,0.44658784484546776,1,1.3584108199492815,237,2022,12.24,1,Dharmaj Crop Guard Limited,2022-12-08
6.455198563340122,3.84,3.03,0.53,2.01,0.13802083333333334,1,1.91044776119403,541,2022,2.59,1,Keystone Realtors Limited,2022-11-24
6.608000625296087,1.05,0.47,4.7,1.55,4.476190476190476,1,0.6774193548387097,65,2022,-6.92,0,Inox Green Energy Limited,2022-11-23
6.755559354042727,98.47,21.21,4.1,34.16,0.04163704681628922,1,2.882611241217799,587,2022,32.03,1,Kaynes Technology India Limited,2022-11-22
7.288456271943683,48.91,14.9,9.96,32.23,0.20363933755878147,1,1.5175302513186473,407,2022,10.32,1,Archean Chemical Industries Limited,2022-11-21
7.371181071617635,1.77,0.61,0.11,0.7,0.06214689265536723,0,2.528571428571429,474,2022,-5.07,0,Five Star Business Finance Limited,2022-11-21
6.782021973516374,80.63,7.1,4.77,26.67,0.05915912191492,1,3.0232470941132354,300,2022,7.05,1,Bikaji Foods International Limited,2022-11-16
7.69919455265688,28.64,4.02,0.88,9.58,0.030726256983240222,1,2.989561586638831,336,2022,18.5,1,Global Health Limited,2022-11-16
7.007591564137148,8.59,1.38,0.51,2.95,0.059371362048894066,1,2.9118644067796606,368,2022,-2.04,0,Fusion Finance Ltd,2022-11-15
6.2166061010848646,84.32,43.97,61.77,69.79,0.7325664136622392,1,1.2081960166212922,207,2022,38.29,1,DCX Systems Ltd,2022-11-11
5.7377973532434785,1.66,0.23,2.39,0.71,1.4397590361445785,0,2.3380281690140845,80,2022,3.75,1,Tracxn Technologies,2022-10-20
6.2166061010848646,169.54,63.59,19.72,71.93,0.11631473398607999,1,2.3570137633810644,59,2022,51.53,1,Electronics Mart India,2022-10-17
6.628041376179533,178.26,40.36,12.44,47.19,0.06978570627173791,1,3.7774952320406867,330,2022,34.55,1,Harsha Engineers,2022-09-26
6.6956011224675285,1.62,2.94,6.48,2.86,4.0,1,0.5664335664335665,510,2022,0.0,0,Tamilnad Mercantile,2022-09-15
6.333457232260573,70.53,37.66,43.66,56.68,0.6190273642421664,1,1.2443542695836274,326,2022,54.91,1,Dreamfolks Services,2022-09-06
6.73474622591049,87.56,7.13,2.84,15.59,0.032434901781635446,1,5.616420782552919,220,2022,19.09,1,Syrma SGS Technologies,2022-08-26
6.695848359593915,17.57,1.33,0.59,2.91,0.03357996585088218,1,6.037800687285223,642,2022,9.99,1,Aether Industries,2022-06-03
6.025358598755538,4.05,1.28,2.61,2.72,0.6444444444444445,1,1.488970588235294,256,2022,5.86,1,eMudhra Ltd,2022-06-01
5.99958151520993,1.06,0.76,0.32,0.61,0.3018867924528302,0,1.737704918032787,878,2022,-5.47,0,Ethos Limited,2022-05-30
7.315038732897085,3.01,0.32,0.8,0.83,0.26578073089701,0,3.6265060240963853,42,2022,3.69,1,Paradeep Phosphates Limited,2022-05-27
5.114514713472284,12.02,6.59,11.12,8.69,0.9251247920133111,1,1.3831990794016111,326,2022,2.76,1,Venus Pipes & Tubes Limited,2022-05-24
8.56331312702979,2.66,0.27,0.31,0.39,0.11654135338345864,0,6.82051282051282,487,2022,1.23,1,Delhivery Limited,2022-05-24
6.289604247458597,1.26,0.74,0.61,0.81,0.48412698412698413,0,1.5555555555555554,630,2022,4.76,1,Prudent Corporate Advisory Services Limited,2022-05-20
9.931015167098364,2.83,1.39,1.14,1.64,0.4028268551236749,1,1.7256097560975612,949,2022,-8.62,0,Life Insurance Corporation of India (LIC),2022-05-17
7.366350327144476,38.9,1.37,0.7,5.25,0.017994858611825194,1,7.409523809523809,542,2022,-6.64,0,Rainbow Children’s Medicare Limited,2022-05-10
7.244655995221417,152.04,10.68,4.73,28.55,0.031110234148908185,1,5.32539404553415,292,2022,21.58,1,Campus Activewear (India) Limited,2022-05-09
4.875578929769415,1.91,2.68,6.92,3.57,3.6230366492146597,1,0.5350140056022409,153,2022,39.87,1,Hariom Pipe Industries Limited,2022-04-13
5.303304908059076,2.02,2.09,5.68,2.24,2.8118811881188117,1,0.9017857142857142,137,2022,14.6,1,Veranda Learning Solutions Limited,2022-04-11
4.110873864173311,2.81,0.94,6.28,4.64,2.2348754448398576,1,0.6056034482758621,68,2022,17.65,1,Uma Exports Limited,2022-04-07
8.366602832783736,2.2,11.75,0.9,3.6,0.40909090909090906,1,0.6111111111111112,650,2022,30.77,1,Patanjali Foods Limited (formerly Ruchi Soya Industries Limited),2022-04-08
8.055218047460972,7.49,1.07,0.39,2.57,0.0520694259012016,1,2.9143968871595334,866,2022,8.08,1,Vedant Fashions Limited,2022-02-16
8.188966863648876,5.73,56.3,3.92,17.37,0.6841186736474694,1,0.3298791018998273,230,2022,-3.91,0,AWL Agri Business Limited (formerly Adani Wilmar Limited),2022-02-08
6.523562306149512,2.68,25.61,3.08,7.79,1.1492537313432836,1,0.34403080872913994,175,2022,0.57,1,AGS Transact Technologies Limited,2022-01-31
7.00397413672268,1.98,1.45,2.15,1.95,1.0858585858585859,1,1.0153846153846153,216,2021,1.16,1,CMS Info Systems Limited,2021-12-31
6.55250788703459,31.83,161.22,56.01,71.51,1.759660697455231,1,0.4451125716682981,274,2021,55.11,1,Supriya Lifescience Limited,2021-12-28
4.843872076218154,1.82,19.04,81.24,20.96,44.637362637362635,1,0.0868320610687023,274,2021,16.42,1,HP Adhesives Limited,2021-12-27
6.3787996283436765,190.86,254.22,23.14,119.62,0.12124069998952111,1,1.5955525831800703,585,2021,47.69,1,Data Patterns (India) Limited,2021-12-24
7.243727390561667,111.9,85.33,5.24,52.59,0.046827524575513854,1,2.127780946948089,796,2021,27.51,1,MedPlus Health Services Limited,2021-12-23
6.947562358650505,196.36,424.69,15.2,154.71,0.07740884090446118,1,1.269213366944606,1033,2021,53.05,1,C.E. Info Systems Limited (MapmyIndia),2021-12-21
6.398594934535208,1.85,4.82,12.72,4.6,6.875675675675676,1,0.4021739130434783,118,2021,-20.34,0,Shriram Properties Limited,2021-12-20
7.197989092970487,8.42,42.04,8.08,17.41,0.9596199524940617,1,0.48363009764503156,425,2021,-14.16,0,Rategain Travel Technologies Limited,2021-12-17
6.492815426911429,2.5,25.42,7.76,9.78,3.104,1,0.2556237218813906,550,2021,9.46,1,Anand Rathi Wealth Limited,2021-12-14
6.430090376989552,215.45,666.19,29.44,219.04,0.13664423300069622,1,0.9836102994886778,453,2021,66.23,1,Tega Industries Limited,2021-12-13
8.76427824403906,1.03,0.19,1.1,0.79,1.0679611650485437,0,1.3037974683544304,900,2021,-5.69,0,Star Health and Allied Insurance Company Limited,2021-12-10
6.922259581184945,100.73,262.08,49.7,135.46,0.49339819318971506,1,0.7436143510999557,690,2021,90.72,1,Go Fashion (India) Limited,2021-11-30
6.931930684673345,115.77,184.58,10.56,77.49,0.0912153407618554,1,1.4939992257065429,662,2021,5.74,1,Tarsons Products,2021-11-26
6.398594934535208,145.48,850.66,119.44,326.49,0.8210063238933187,1,0.44558791999754965,197,2021,169.04,1,Latent View Analytics,2021-11-23
7.637354921544395,7.5,3.46,8.7,6.62,1.16,1,1.1329305135951662,1180,2021,11.1,1,Sapphire Foods India,2021-11-18
9.814710982145282,2.79,0.24,1.66,1.89,0.5949820788530465,1,1.4761904761904763,2150,2021,-9.07,0,One97 Communications,2021-11-18
8.650100389271731,24.89,7.82,3.31,16.59,0.1329851345922057,1,1.5003013863773358,980,2021,17.35,1,PB Fintech,2021-11-15
6.68586094706836,1.42,2.32,1.38,1.59,0.9718309859154929,1,0.8930817610062892,542,2021,-0.37,0,S.J.S Enterprises Limited,2021-11-15
4.839688795323807,86.51,172.43,80.49,101.91,0.9304126690556004,1,0.8488862722009617,163,2021,252.76,1,Sigachi Industries Limited,2021-11-15
7.091151258377357,1.65,0.21,5.92,2.03,3.587878787878788,1,0.812807881773399,577,2021,-5.03,0,Fino Payments Bank Limited,2021-11-12
8.584986410274304,91.18,112.02,12.24,81.78,0.13423996490458434,1,1.1149425287356323,1125,2021,77.87,1,FSN E Commerce Ventures Limited (Nykaa),2021-11-10
7.926335415476556,10.36,4.39,3.24,5.24,0.3127413127413128,1,1.9770992366412212,712,2021,0.0,0,Aditya Birla Sun Life AMC Limited,2021-10-11
5.146214588338078,169.65,927.7,112.81,304.26,0.6649572649572649,1,0.5575823309012029,175,2021,171.43,1,Paras Defence and Space Technologies Limited,2021-10-01
7.157361582581688,0.29,0.07,0.87,0.53,3.0,0,0.5471698113207547,744,2021,9.05,1,Sansera Engineering Limited,2021-09-24
7.5471113112712604,13.07,1.32,1.09,4.54,0.08339709257842387,1,2.8788546255506606,531,2021,2.13,1,Vijaya Diagnostic Centre Limited,2021-09-14
6.346758537969783,86.64,154.81,13.36,64.54,0.15420129270544783,1,1.3424233033777502,610,2021,47.87,1,Acutaas Chemicals Limited,2021-09-14
7.930583833216534,32.41,33.91,1.35,17.2,0.04165381055229868,1,1.8843023255813953,353,2021,-6.53,0,Aptus Value Housing Finance India Limited,2021-08-24
8.25608813381491,2.7,1.03,2.29,2.17,0.8481481481481481,1,1.2442396313364057,541,2021,-2.96,0,Chemplast Sanmar Limited,2021-08-24
8.517393171418904,4.23,0.66,0.73,1.71,0.1725768321513002,1,2.473684210526316,570,2021,-17.37,0,Nuvoco Vistas Corporation Limited,2021-08-23
8.006204220976572,35.45,41.0,2.75,20.29,0.077574047954866,1,1.747166091670774,1618,2021,-1.11,0,CarTrade Tech Limited,2021-08-20
7.516977224604321,95.27,213.06,39.52,116.71,0.4148210349532907,1,0.8162968040442121,90,2021,56.67,1,Devyani International Limited,2021-08-16
5.997794470802852,24.4,15.73,24.27,22.47,0.994672131147541,1,1.0858923008455719,460,2021,-4.57,0,Windlas Biotech Limited,2021-08-16
5.0861755733416025,17.67,5.36,40.1,22.68,2.2693831352574985,1,0.7791005291005292,120,2021,5.0,1,Exxaro Tiles Limited,2021-08-16
7.1019559983061695,49.83,116.3,42.04,64.4,0.8436684728075456,1,0.7737577639751552,954,2021,7.44,1,Krsnaa Diagnostics Limited,2021-08-16
6.595917116652597,143.58,360.11,24.49,130.44,0.1705669313274829,1,1.1007359705611777,900,2021,38.78,1,Rolex Rings Limited,2021-08-09
7.322906656679722,36.97,122.54,14.63,44.17,0.39572626453881526,1,0.8369934344577767,720,2021,4.32,1,Alivus Life Sciences Limited,2021-08-06
6.2166061010848646,185.23,512.22,35.35,180.36,0.19084381579657725,1,1.0270015524506542,1083,2021,95.0,1,Tatva Chintan Pharma Chem Limited,2021-07-29
9.145908511816794,51.79,32.96,7.45,38.25,0.14385016412434834,1,1.353986928104575,76,2021,51.32,1,Eternal Limited,2021-07-23
6.870396032224769,75.4,165.03,7.69,59.1,0.1019893899204244,1,1.2758037225042302,837,2021,103.11,1,G R Infraprojects Limited,2021-07-19
7.344473545978832,70.31,110.28,5.71,46.57,0.0812117764187171,1,1.5097702383508698,900,2021,98.27,1,Clean Science and Technology Limited,2021-07-19
6.68586094706836,42.95,51.88,11.3,29.04,0.2630966239813737,1,1.478994490358127,296,2021,21.62,1,India Pesticides Limited,2021-07-05
6.25609547152901,84.88,73.26,11.33,45.61,0.13348256361922714,1,1.8609953957465468,428,2021,23.36,1,Dodla Dairy Limited,2021-06-28
7.6707736118941225,5.26,1.89,2.9,3.86,0.5513307984790875,1,1.3626943005181347,825,2021,22.29,1,Krishna Institute of Medical Sciences Limited,2021-06-28
8.621733370690162,3.46,0.39,1.57,2.28,0.45375722543352603,1,1.5175438596491229,291,2021,3.92,1,Sona BLW Precision Forgings Limited,2021-06-24
6.812949971708225,155.71,339.98,11.58,121.4,0.07436901933080727,1,1.2826194398682043,306,2021,19.93,1,Shyam Metalics and Energy Limited,2021-06-24
8.95363874447459,4.63,5.07,0.0,4.83,0.0,1,0.9585921325051759,100,2021,4.0,1,Powergrid Infrastructure Investment Trust,2021-05-14
7.824445930877619,3.05,1.44,0.4,1.36,0.13114754098360656,1,2.242647058823529,486,2021,-9.67,0,Macrotech Developers Limited (Lodha Group),2021-04-19
6.117810813424853,5.11,3.1,13.13,5.98,2.5694716242661446,1,0.8545150501672241,500,2021,-1.6,0,Barbeque Nation Hospitality Limited,2021-04-07
6.369370019974588,103.77,389.89,75.29,175.46,0.7255468825286693,1,0.5914168471446483,1101,2021,79.02,1,Nazara Technologies Limited,2021-03-30
6.366195495846285,2.18,1.31,3.09,2.37,1.4174311926605503,1,0.919831223628692,305,2021,-3.93,0,Suryoday Small Finance Bank Limited,2021-03-26
7.069721055519017,2.76,1.91,2.82,2.61,1.0217391304347827,1,1.0574712643678161,87,2021,-15.06,0,Kalyan Jewellers India Limited,2021-03-26
6.7150196838393095,5.21,2.84,3.43,3.81,0.6583493282149713,1,1.3674540682414698,1490,2021,-9.4,0,Craftsman Automation Limited,2021-03-25
6.398594934535208,175.43,217.62,20.06,106.79,0.11434760303254858,1,1.6427568124356213,130,2021,20.15,1,Laxmi Organic Industries Limited,2021-03-25
6.634633357861686,65.74,97.42,10.77,44.06,0.1638271980529358,1,1.492056286881525,555,2021,-3.66,0,Anupam Rasayan India Limited,2021-03-24
6.236369590203704,77.53,382.21,70.4,159.33,0.9080355991229202,1,0.48660013807820246,187,2021,10.16,1,Easy Trip Planners Limited,2021-03-19
6.392603644845124,164.99,650.79,28.4,200.79,0.1721316443420813,1,0.8217042681408437,575,2021,85.03,1,MTAR Technologies Limited,2021-03-15
6.439733684207711,67.45,271.15,11.84,83.29,0.17553743513713863,1,0.8098211069756273,627,2021,43.54,1,Heranba Industries Limited,2021-03-05
6.709596980361836,65.14,73.25,16.78,42.39,0.2575990175007676,1,1.5366831799952818,94,2021,11.28,1,Railtel Corporation of India Limited,2021-02-26
4.61512051684126,3.1,31.59,166.65,39.93,53.75806451612903,1,0.0776358627598297,400,2021,58.74,1,Nureca Limited,2021-02-25
8.24301946898925,4.78,11.74,0.0,7.94,0.0,1,0.6020151133501259,275,2021,0.02,1,Brookfield India Real Estate Trust,2021-02-16
6.024971854412897,8.02,32.72,26.04,18.03,3.2468827930174564,1,0.4448141985579589,385,2021,21.3,1,Stove Kraft Limited,2021-02-05
7.051613169323963,52.53,39.0,6.59,26.66,0.12545212259661145,1,1.9703675918979746,518,2021,18.18,1,Home First Finance Company India Limited,2021-02-03
7.064861586635028,189.57,263.05,15.93,117.02,0.0840322835891755,1,1.6199794906853529,1490,2021,75.0,1,Indigo Paints Limited,2021-02-02
8.441257704219849,3.78,2.67,3.66,3.49,0.9682539682539684,1,1.0830945558739253,26,2021,-3.85,0,Indian Railway Finance Corporation Limited,2021-01-29
5.707077041605631,0.89,0.26,0.37,0.49,0.4157303370786517,0,1.816326530612245,315,2021,36.51,1,Antony Waste Handling Cell Ltd,2021-01-01
6.294416932595607,176.85,620.86,29.33,198.02,0.16584676279332766,1,0.8930916069083931,288,2020,73.96,1,Mrs Bectors Food Specialities Ltd,2020-12-24
6.698268054115413,86.64,354.11,68.15,156.65,0.7865881809787627,1,0.5530801149058411,60,2020,92.25,1,Restaurant Brands Asia Ltd,2020-12-14
8.77656066228772,6.4,0.51,0.24,2.06,0.0375,1,3.1067961165048543,1500,2020,13.4,1,Gland Pharma Ltd,2020-11-20
6.251132873104564,3.91,0.22,2.08,1.95,0.5319693094629157,1,2.005128205128205,33,2020,-6.06,0,Equitas Small Finance Bank Ltd,2020-11-02
7.678270825117754,3.34,0.93,2.32,2.31,0.6946107784431138,1,1.4458874458874458,554,2020,-11.51,0,UTI Asset Management Company Ltd,2020-10-12
4.130354999745133,21.99,1.54,23.71,9.51,1.078217371532515,1,2.312302839116719,120,2020,8.42,1,Likhitha Infrastructure Ltd,2020-10-15
6.097377410193878,89.71,678.88,35.63,157.41,0.39716865455356154,1,0.5699129661393812,145,2020,49.14,1,Mazagon Dock Shipbuilders Ltd,2020-10-12
6.398594934535208,3.07,0.11,1.83,1.81,0.5960912052117264,1,1.6961325966850826,306,2020,-10.13,0,Angel One Ltd,2020-10-05
7.715618574780042,73.18,111.85,5.55,46.99,0.0758403935501503,1,1.55735262821877,1230,2020,23.41,1,Computer Age Management Services Ltd,2020-10-01
5.765191102784844,113.54,449.14,41.21,149.33,0.36295578650695787,1,0.760329471639992,340,2020,114.99,1,Chemcon Speciality Chemicals Ltd,2020-10-01
6.398594934535208,89.76,192.81,12.67,73.3,0.14115418894830659,1,1.2245566166439292,350,2020,102.29,1,Route Mobile Ltd,2020-09-21
6.555385340908119,77.43,351.46,70.94,150.98,0.9161823582590726,1,0.5128493840243742,166,2020,111.45,1,Happiest Minds Technologies Ltd,2020-09-17
9.61587214452889,1.9,0.63,0.47,0.93,0.24736842105263157,0,2.043010752688172,12,2020,2.5,1,Yes Bank Ltd,2020-07-27
6.209092917734082,85.26,239.83,7.23,79.37,0.08479943701618578,1,1.074209399017261,425,2020,57.65,1,Rossari Biotech Ltd,2020-07-23
9.24394921414995,57.18,45.23,2.5,26.54,0.04372158097236796,1,2.1544837980406935,755,2020,-12.85,0,SBI Cards & Payment Services Ltd,2020-03-16
6.2166061010848646,3.54,1.21,1.89,2.21,0.5338983050847458,1,1.6018099547511313,178,2019,-10.11,0,Prince Pipes and Fittings Ltd,2019-12-30
6.615998248488326,110.72,473.0,49.09,165.69,0.4433706647398844,1,0.668235862152212,37,2019,56.76,1,Ujjivan Small Finance Bank Ltd,2019-12-12
6.017814322430764,62.18,164.68,44.53,86.93,0.7161466709552912,1,0.7152881628896813,195,2019,41.03,1,CSB Bank Ltd,2019-12-04
4.110873864173311,1.0,1.76,0.64,1.12,0.64,1,0.8928571428571428,60,2019,2.0,1,Vishwaraj Sugar Industries Ltd,2019-10-15
6.459857504918618,108.79,354.52,14.94,111.95,0.13732879860281275,1,0.9717731129968736,320,2019,101.25,1,Indian Railway Catering and Tourism Corporation Ltd,2019-10-14
7.955298809456067,1.02,0.89,0.3,0.85,0.29411764705882354,0,1.2,780,2019,-10.26,0,Sterling and Wilson Solar Ltd,2019-08-20
7.082422616839232,3.11,0.55,0.09,1.05,0.028938906752411574,1,2.9619047619047616,856,2019,-3.74,0,Spandana Sphoorty Financial Ltd,2019-08-19
6.131226489483141,55.31,198.69,10.96,86.49,0.19815584885192553,1,0.6394958954792462,745,2019,24.82,1,Affle (India) Ltd,2019-08-08
6.166656582488999,14.92,15.78,3.03,12.95,0.20308310991957104,1,1.1521235521235522,973,2019,21.27,1,Indiamart Intermesh Ltd,2019-07-04
4.892977250628023,30.49,113.88,16.06,41.18,0.5267300754345687,1,0.7404079650315687,215,2019,16.74,1,Neogen Chemicals Ltd,2019-05-08
7.205085656483865,92.44,110.42,4.65,51.96,0.05030289917784509,1,1.7790608160123171,538,2019,17.66,1,Polycab India Ltd,2019-04-16
7.094475480870259,8.88,3.03,2.21,5.84,0.24887387387387386,1,1.5205479452054795,880,2019,9.09,1,Metropolis Healthcare Ltd,2019-04-15
6.169840831539652,1.36,0.8,2.93,1.83,2.1544117647058822,1,0.7431693989071039,19,2019,0.0,0,Rail Vikas Nigam Ltd,2019-04-11
8.46611040118692,2.15,3.09,0.0,2.57,0.0,1,0.8365758754863813,300,2019,0.0,0,Embassy Office Parks REIT,2019-04-01
5.3567749361196055,0.29,1.71,2.18,0.7,7.517241379310346,0,0.41428571428571426,120,2019,-7.5,0,MSTC Ltd,2019-03-29
7.403779906415969,4.66,1.1,0.03,1.57,0.006437768240343348,1,2.968152866242038,280,2019,3.93,1,Chalet Hotels Ltd,2019-02-07
3.1780538303479458,1.24,7.69,2.64,3.25,2.1290322580645165,1,0.38153846153846155,66,2019,-15.15,0,Xelpmoc Design and Technologies Ltd,2019-02-04
7.40325607512639,2.77,0.26,0.25,0.97,0.09025270758122744,0,2.8556701030927836,821,2018,-7.67,0,AAVAS Financiers Ltd,2018-10-08
5.842355304520125,1.81,0.31,0.24,1.02,0.13259668508287292,1,1.7745098039215685,118,2018,-11.86,0,Garden Reach Shipbuilders & Engineers Ltd,2018-10-10
6.148340082570462,12.29,4.92,10.07,9.9,0.8193653376729049,1,1.2414141414141413,475,2018,-13.62,0,Ircon International Ltd,2018-09-28
7.031909089201781,5.52,0.98,0.88,2.22,0.15942028985507248,1,2.486486486486486,422,2018,-8.77,0,CreditAccess Grameen Ltd,2018-08-23
7.937849583386506,192.26,195.15,6.73,83.06,0.03500468116092791,1,2.314712256200337,1100,2018,58.09,1,HDFC Asset Management Company Ltd,2018-08-06
7.026542254966188,13.47,5.08,0.67,5.27,0.04974016332590943,1,2.555977229601518,716,2018,-0.14,0,TCNS Clothing Co. Ltd,2018-07-30
7.57863640048791,9.16,2.45,0.95,3.59,0.10371179039301309,1,2.551532033426184,967,2018,6.72,1,Varroc Engineering Ltd,2018-07-06
6.398877756434162,12.86,21.01,1.62,8.99,0.12597200622083982,1,1.4304783092324804,783,2018,4.09,1,Fine Organic Industries Ltd,2018-07-02
6.134503722180521,71.72,194.56,15.74,67.24,0.21946458449525935,1,1.066627007733492,185,2018,2.7,1,Rites Ltd,2018-07-02
7.520234556474628,16.08,6.91,1.48,6.8,0.09203980099502489,1,2.3647058823529408,572,2018,4.9,1,Indostar Capital Finance Ltd,2018-05-21
6.946668252480736,3.89,0.12,0.12,1.19,0.030848329048843187,1,3.2689075630252105,56,2018,10.0,1,Lemon Tree Hotels Ltd,2018-04-09
8.165036595778973,1.04,0.36,0.88,0.78,0.8461538461538461,0,1.3333333333333333,520,2018,-17.1,0,ICICI Securities Ltd,2018-04-04
6.0776881138566,1.96,0.13,0.72,1.21,0.3673469387755102,1,1.6198347107438016,90,2018,-3.33,0,Mishra Dhatu Nigam Ltd (MIDHANI),2018-04-04
6.2412110802167255,14.49,6.39,1.42,6.19,0.09799861973775016,1,2.340872374798061,332,2018,3.92,1,Sandhar Technologies Ltd,2018-04-02
8.322182669130278,1.73,0.03,0.39,0.99,0.2254335260115607,0,1.7474747474747474,1215,2018,-3.79,0,Hindustan Aeronautics Ltd (HAL),2018-03-28
4.361823927356363,1.55,3.44,2.01,2.54,1.296774193548387,1,0.610236220472441,180,2018,-24.44,0,Dharan Infra EPC Ltd,2018-04-02
8.40604261231277,38.67,13.89,1.2,14.63,0.03103180760279286,1,2.643198906356801,375,2018,29.33,1,Bandhan Bank Ltd,2018-03-27
6.860443521430886,1.5,0.5,1.41,1.3,0.94,1,1.1538461538461537,428,2018,-15.89,0,Bharat Dynamics Ltd,2018-03-23
6.137727054086234,8.37,4.97,3.08,4.98,0.3679808841099164,1,1.6807228915662649,270,2018,0.0,0,H.G. Infra Engineering Ltd,2018-03-09
6.888715160901901,2.1,0.55,1.18,1.31,0.5619047619047619,1,1.6030534351145038,190,2018,-4.16,0,Aster DM Healthcare Ltd,2018-02-26
6.843845893230722,54.27,6.96,6.01,20.0,0.1107425833793993,1,2.7135000000000002,1480,2018,2.7,1,Galaxy Surfactants Ltd,2018-02-08
6.397879204251734,174.99,519.26,11.65,165.42,0.06657523287044974,1,1.0578527384838594,859,2018,37.37,1,Amber Enterprises India Ltd,2018-01-30
6.053546929404526,15.62,5.52,5.18,8.25,0.33162612035851474,1,1.8933333333333333,245,2018,3.27,1,Newgen Software Technologies Ltd,2018-01-29
5.056245805348308,101.93,958.07,40.19,248.51,0.39429019915628366,1,0.410164580902177,275,2018,73.82,1,Apollo Micro Systems Ltd,2018-01-22
4.260282639765531,103.36,396.99,77.93,243.29,0.7539667182662539,1,0.4248427802211353,50,2017,128.0,1,Astron Paper & Board Mill Ltd,2017-12-29
6.478048706500939,12.36,11.15,3.28,7.56,0.26537216828478966,1,1.6349206349206349,664,2017,1.51,1,Future Supply Chain Solutions Ltd,2017-12-18
6.226141334235865,4.34,0.42,2.98,2.82,0.6866359447004609,1,1.5390070921985817,248,2017,-4.44,0,Shalby Ltd,2017-12-15
9.070618428801046,16.6,2.29,0.94,4.9,0.05662650602409638,1,3.3877551020408165,290,2017,7.24,1,HDFC Life Insurance Company Ltd,2017-11-17
6.299059534891641,2.44,0.18,2.33,1.9,0.9549180327868853,1,1.2842105263157895,750,2017,-3.07,0,Khadim India Ltd,2017-11-14
9.155670858253105,2.34,0.12,0.11,1.19,0.047008547008547015,1,1.9663865546218486,800,2017,-6.39,0,New India Assurance Company Ltd,2017-11-13
6.721281112024939,15.6,2.07,6.1,7.9,0.391025641025641,1,1.9746835443037973,429,2017,0.7,1,Mahindra Logistics Ltd,2017-11-10
7.341639381421487,118.4,209.44,5.65,81.54,0.04771959459459459,1,1.452048074564631,252,2017,16.67,1,Nippon Life India Asset Management Ltd,2017-11-06
9.321595480336278,2.25,0.22,0.63,1.38,0.28,1,1.6304347826086958,912,2017,-6.8,0,General Insurance Corporation of India Ltd,2017-10-25
6.909483784255807,2.56,0.85,2.61,2.28,1.01953125,1,1.1228070175438598,1650,2017,-9.09,0,Indian Energy Exchange Ltd,2017-10-23
6.133484807128411,148.33,378.53,15.97,128.39,0.10766534079417514,1,1.1553080457979596,459,2017,43.79,1,MAS Financial Services Ltd,2017-10-18
7.054717325243,150.96,236.04,7.67,95.41,0.050808161102278745,1,1.5822240855256264,460,2017,35.0,1,Godrej Agrovet Ltd,2017-10-16
6.179105265379537,76.89,101.15,8.48,47.39,0.11028742359214462,1,1.6224941970879931,938,2017,33.26,1,Prataap Snacks Ltd,2017-10-05
9.034485858705137,12.56,0.7,0.85,3.58,0.06767515923566879,1,3.5083798882681565,700,2017,4.76,1,SBI Life Insurance Company Ltd,2017-10-03
8.648561746793613,8.17,0.83,1.23,2.98,0.15055079559363524,1,2.7416107382550337,661,2017,-1.66,0,ICICI Lombard General Insurance Company Ltd,2017-09-27
5.993961427306569,131.32,638.05,17.57,183.03,0.1337953091684435,1,0.7174780090695514,250,2017,59.6,1,Capacit'e Infraprojects Ltd,2017-09-25
6.210359084132777,1.88,0.41,18.16,4.44,9.659574468085108,1,0.4234234234234234,985,2017,0.0,0,Matrimony.com Ltd,2017-09-21
6.399675880884171,1.33,1.63,5.69,1.81,4.2781954887218046,1,0.7348066298342542,205,2017,-0.05,0,Bharat Road Network Ltd,2017-09-18
6.397396213027789,134.66,345.61,10.6,117.83,0.07871676815683945,1,1.1428328948485105,1766,2017,54.3,1,Dixon Technologies (India) Ltd,2017-09-18
5.032070574816321,1.91,7.82,8.53,6.14,4.465968586387435,1,0.31107491856677527,175,2017,14.23,1,Apex Frozen Foods Ltd,2017-09-04
7.274486488756788,63.52,288.87,8.51,76.19,0.1339735516372796,1,0.8337052106575666,432,2017,0.69,1,Cochin Shipyard Ltd,2017-08-11
6.660037233101347,5.64,1.66,19.51,7.07,3.459219858156029,1,0.7977369165487976,815,2017,7.36,1,SIS Ltd,2017-08-10
3.607398212246053,0.0,2.59,19.42,11.01,0.0,1,0.0,108,2017,139.95,1,Salasar Techno Engineering Ltd,2017-07-25
7.556694530877709,78.77,143.51,3.52,53.6,0.044687063602894504,1,1.4695895522388058,358,2017,46.65,1,AU Small Finance Bank Ltd,2017-07-10
6.185797016568072,1.48,2.85,0.99,1.53,0.668918918918919,1,0.9673202614379085,170,2017,0.0,0,GTPL Hathway Ltd,2017-07-04
6.2633792147911675,148.71,563.03,23.83,170.16,0.16024477170331516,1,0.8739421720733428,149,2017,67.79,1,Central Depository Services Ltd,2017-06-30
7.462881001644695,4.68,0.45,3.51,3.29,0.75,1,1.4224924012158053,603,2017,1.49,1,ERIS Lifesciences Ltd,2017-06-29
6.656327987189528,2.16,0.48,3.1,1.88,1.4351851851851851,1,1.148936170212766,257,2017,0.0,0,Tejas Networks Ltd,2017-06-27
5.359788688636137,8.38,10.39,6.47,8.58,0.7720763723150357,1,0.9766899766899768,210,2017,-5.24,0,PSP Projects Ltd,2017-05-29
7.719112070868793,1.14,1.6,0.0,1.35,0.0,1,0.8444444444444443,100,2017,0.0,0,IndiGrid Infrastructure Fund,2017-06-06
7.099020059006515,55.45,330.36,10.79,79.53,0.19458972046889086,1,0.6972211743995976,60,2017,22.42,1,Housing & Urban Development Corporation Ltd,2017-05-19
8.52394633750887,10.81,5.89,0.0,8.57,0.0,1,1.2613768961493583,102,2017,1.23,1,IRB InvIT Fund,2017-05-18
6.592496438760121,44.27,204.65,6.07,59.49,0.13711316918906707,1,0.7441586821314506,670,2017,5.52,1,S Chand & Company Ltd,2017-05-09
5.846438775057725,51.62,90.68,15.35,41.88,0.2973653622626889,1,1.2325692454632282,460,2017,18.48,1,Shankara Building Products Ltd,2017-04-05
5.4804305683042545,3.65,0.21,1.63,1.9,0.4465753424657534,1,1.9210526315789473,502,2017,-20.72,0,CL Educate Ltd,2017-03-31
7.534228326274089,144.62,277.74,7.51,104.59,0.05192919374913566,1,1.382732574815948,299,2017,102.14,1,Avenue Supermarts Ltd (DMart),2017-03-21
6.193445747120171,39.78,109.13,9.85,39.67,0.24761186525892406,1,1.0027728762288883,333,2017,26.13,1,Music Broadcast Ltd,2017-03-17
7.126432872736746,48.64,159.03,6.48,51.22,0.13322368421052633,1,0.9496290511518938,806,2017,34.62,1,BSE Ltd (Bombay Stock Exchange),2017-02-03
7.194068915552484,10.54,3.58,1.67,4.57,0.15844402277039848,1,2.3063457330415753,428,2016,14.49,1,Laurus Labs Ltd,2016-12-19
6.236369590203704,14.51,3.35,0.44,5.09,0.030323914541695383,1,2.850687622789784,730,2016,17.81,1,Sheela Foam Ltd,2016-12-09
7.015263486697422,4.94,0.42,0.82,1.86,0.16599190283400808,1,2.6559139784946235,445,2016,-3.37,0,Varun Beverages Ltd,2016-11-08
8.006700845440367,37.33,86.17,1.35,29.55,0.036163943209215114,1,1.2632825719120135,775,2016,11.35,1,PNB Housing Finance Ltd,2016-11-07
7.058525967354253,53.43,127.07,2.69,43.84,0.0503462474265394,1,1.21875,472,2016,20.76,1,Endurance Technologies Ltd,2016-10-19
5.8916442118257715,5.77,22.2,3.31,8.06,0.5736568457538995,1,0.7158808933002481,202,2016,-5.92,0,HPL Electric & Power Ltd,2016-10-04
8.709100326080431,11.83,28.55,1.42,10.48,0.12003381234150465,1,1.1288167938931297,334,2016,-1.5,0,ICICI Prudential Life Insurance Company Ltd,2016-09-29
4.878322206655547,17.18,217.47,11.84,54.88,0.689173457508731,1,0.31304664723032066,207,2016,20.05,1,GNA Axles Ltd,2016-09-26
6.797270545806865,5.01,1.03,1.75,2.53,0.34930139720558884,1,1.9802371541501977,860,2016,4.65,1,L&T Technology Services Ltd,2016-09-23
7.101651259617235,85.08,198.06,5.7,69.62,0.06699576868829338,1,1.222062625682275,225,2016,21.64,1,RBL Bank Ltd,2016-08-31
5.481138798383642,1.0,0.45,0.54,0.66,0.54,0,1.5151515151515151,268,2016,13.81,1,S P Apparels Ltd,2016-08-12
6.484604700817924,9.76,79.64,2.35,20.95,0.24077868852459017,1,0.4658711217183771,219,2016,9.59,1,Dilip Buildcon Ltd,2016-08-11
6.022211963056641,94.03,393.1,11.67,116.02,0.12410932681059236,1,0.8104637131529047,896,2016,35.04,1,Advanced Enzyme Technologies Ltd,2016-08-01
7.120751520044011,19.91,10.76,7.39,11.69,0.3711702661978905,1,1.7031650983746793,710,2016,-6.11,0,LTIMindtree Ltd,2016-07-21
5.993961427306569,59.03,392.21,34.08,144.5,0.5773335592071828,1,0.4085121107266436,317,2016,57.41,1,Quess Corp Ltd,2016-07-12
6.946860600862717,72.84,191.61,6.82,64.54,0.09362987369577155,1,1.1286024171056708,421,2016,28.27,1,Mahanagar Gas Ltd,2016-07-01
6.6221244346561035,1.15,3.08,2.12,1.83,1.8434782608695655,1,0.628415300546448,215,2016,0.33,1,Parag Milk Foods Ltd,2016-05-19
6.783891291759751,33.84,135.45,4.02,40.68,0.11879432624113473,1,0.8318584070796461,210,2016,8.1,1,Ujjivan Financial Services Ltd,2016-05-10
6.174223508226715,73.18,225.3,8.73,73.55,0.11929488931402021,1,0.9949694085656018,446,2016,48.43,1,Thyrocare Technologies Ltd,2016-05-09
7.686019960947626,14.93,57.29,1.4,17.21,0.09377093101138646,1,0.8675188843695525,110,2016,30.91,1,Equitas Holdings Ltd,2016-04-21
6.111467339502679,0.86,2.23,1.31,1.11,1.5232558139534884,1,0.7747747747747747,432,2016,6.02,1,Infibeam Avenues Ltd,2016-04-04
4.2626798770413155,1.01,2.02,2.08,1.21,2.0594059405940595,1,0.8347107438016529,45,2016,5.22,1,Bharat Wire Ropes Ltd,2016-04-01
6.47795649385852,2.36,0.43,0.83,1.56,0.3516949152542373,1,1.5128205128205128,218,2016,-3.76,0,Healthcare Global Enterprises Ltd,2016-03-30
6.114235124275405,4.34,36.69,3.82,10.8,0.880184331797235,1,0.4018518518518518,321,2016,-5.0,0,Quick Heal Technologies Ltd,2016-02-18
6.0513359441453725,26.97,185.24,10.62,66.02,0.39377085650723026,1,0.4085125719478946,850,2016,1.18,1,Team Lease Services Ltd,2016-02-12
6.019055394779095,2.62,0.73,2.01,1.91,0.7671755725190839,1,1.3717277486910995,186,2016,-12.31,0,Precision Camshafts Ltd,2016-02-08
6.420125212819335,24.43,3.62,1.89,8.7,0.07736389684813753,1,2.8080459770114943,250,2016,16.4,1,Narayana Hrudayalaya Ltd,2016-01-06
6.4503282319408415,63.56,61.28,4.24,33.41,0.06670862177470108,1,1.9024244238252024,550,2015,30.36,1,Dr Lal Pathlabs Ltd,2015-12-23
7.206940930817334,57.19,129.96,3.17,44.29,0.055429270851547474,1,1.29126213592233,1050,2015,31.43,1,Alkem Laboratories Ltd,2015-12-23
6.232781949001056,4.68,1.14,0.47,1.84,0.10042735042735043,1,2.543478260869565,180,2015,23.33,1,S H Kelkar & Company Ltd,2015-11-16
8.009529230987825,17.8,3.57,0.92,6.15,0.051685393258426963,1,2.8943089430894307,765,2015,11.9,1,Interglobe Aviation Ltd,2015-11-10
6.199819280948752,3.04,1.66,1.68,2.24,0.5526315789473684,1,1.357142857142857,103,2015,7.52,1,Sadbhav Infrastructure Project Ltd,2015-09-16
5.895971850648506,0.88,1.42,0.34,0.77,0.3863636363636364,0,1.1428571428571428,115,2015,0.0,0,Madhyam Agrivet Industries Ltd,2015-09-21
4.2626798770413155,0.97,2.09,1.54,1.34,1.5876288659793816,1,0.7238805970149254,65,2015,-7.69,0,Shree Pushkar Chemicals Ltd,2015-09-10
5.057455264740146,2.2,1.44,0.41,1.15,0.18636363636363634,1,1.9130434782608698,178,2015,-15.73,0,Pennar Engineered Building Systems Ltd,2015-09-10
6.398594934535208,6.47,0.9,1.62,2.85,0.250386398763524,1,2.270175438596491,155,2015,-1.94,0,Navkar Corporation Ltd,2015-09-09
5.613930703928509,27.53,133.22,3.42,38.12,0.12422811478387213,1,0.7221930745015741,640,2015,-6.25,0,Power Mech Projects Ltd,2015-08-26
6.311734809152915,51.47,90.24,4.78,32.05,0.09286963279580339,1,1.6059282371294852,250,2015,18.0,1,Syngene International Ltd,2015-08-11
5.993961427306569,1.98,0.38,1.16,1.4,0.5858585858585859,1,1.4142857142857144,320,2015,-9.06,0,Manpasand Beverages Ltd,2015-07-09
6.193261880402593,4.51,0.65,0.28,1.56,0.062084257206208436,1,2.891025641025641,378,2015,0.79,1,PNC Infratech Ltd,2015-05-26
6.398594934535208,4.49,1.17,1.02,2.04,0.22717149220489977,1,2.200980392156863,625,2015,-4.0,0,UFO Moviez India Ltd,2015-05-14
5.783825182329737,1.02,1.51,0.97,1.11,0.9509803921568627,1,0.9189189189189189,63,2015,0.0,0,MEP Infrastructure Developers Ltd,2015-05-06
6.150346872168174,58.22,250.86,7.92,74.26,0.13603572655444865,1,0.7840021545919741,205,2015,40.49,1,VRL Logistics Ltd,2015-04-30
6.929056782402053,35.68,35.38,2.15,18.6,0.06025784753363229,1,1.918279569892473,325,2015,23.08,1,Inox Wind Ltd,2015-04-09
5.928498122911523,1.17,0.7,1.37,1.11,1.170940170940171,1,1.054054054054054,180,2015,-6.69,0,Imagicaaworld Entertainment Ltd,2015-04-06
5.1688349087698,1.01,0.09,0.39,0.75,0.38613861386138615,0,1.3466666666666667,181,2015,0.0,0,Ortel Communications Ltd,2015-03-19
5.862010544903483,13.96,1.71,6.96,7.83,0.49856733524355296,1,1.7828863346104726,645,2014,-9.3,0,Monte Carlo Fashions Ltd,2014-12-19
4.795790545596741,5.69,8.64,7.79,7.39,1.3690685413005272,1,0.769959404600812,170,2014,5.88,1,Shemaroo Entertainment Ltd,2014-10-01
5.86607137769992,32.06,251.35,5.85,59.97,0.1824703680598877,1,0.5346006336501584,156,2014,62.88,1,Sharda Cropchem Ltd,2014-09-23
5.290285194850773,16.98,221.79,41.26,59.75,2.4299175500588928,1,0.28418410041841,47,2014,59.57,1,Snowman Logistics Ltd,2014-09-12
5.2053793708887675,16.71,159.04,7.55,38.06,0.4518252543387193,1,0.4390436153441934,125,2014,31.8,1,Wonderla Holidays Ltd,2014-05-09
6.212866582863889,23.43,5.85,2.99,13.36,0.127614169867691,1,1.7537425149700598,150,2014,-0.07,0,Engineers India Ltd,2014-02-28
8.847883027852795,115.9,40.34,6.77,64.82,0.05841242450388265,1,1.7880283863005249,90,2013,7.89,1,Power Grid Corporation of India Ltd,2013-12-19
6.824525832378854,10.12,22.34,3.53,11.63,0.34881422924901184,1,0.8701633705932931,530,2013,11.32,1,Just Dial Ltd,2013-06-05
5.602967169417385,3.39,0.35,0.51,1.65,0.15044247787610618,1,2.0545454545454547,172,2013,-4.07,0,Repco Home Finance Ltd,2013-04-01
4.5582882000879605,1.52,1.39,0.79,1.2,0.5197368421052632,1,1.2666666666666668,210,2013,2.86,1,V-Mart Retail Ltd,2013-02-20
8.336572587181918,2.84,0.29,0.19,1.3,0.06690140845070423,1,2.1846153846153844,220,2012,-9.09,0,Indus Towers Ltd,2012-12-28
6.400772262933597,7.33,18.12,1.68,6.85,0.2291950886766712,1,1.07007299270073,135,2012,0.37,1,PC Jeweller Ltd,2012-12-27
6.293382309586417,45.8,110.96,6.18,40.98,0.1349344978165939,1,1.1176183504148365,750,2012,26.53,1,CARE Ratings Ltd,2012-12-26
5.195730777772936,1.49,3.1,2.05,1.98,1.3758389261744965,1,0.7525252525252525,230,2012,5.22,1,Tara Jewels Ltd,2012-12-06
4.02535169073515,1.15,0.38,1.13,1.03,0.9826086956521739,1,1.116504854368932,55,2012,1.45,1,VKS Projects Ltd,2012-07-18
5.176658077920708,4.68,2.19,0.55,2.54,0.11752136752136753,1,1.84251968503937,150,2012,2.0,1,Speciality Restaurants Ltd,2012-05-30
5.303304908059076,1.29,1.91,0.68,1.15,0.5271317829457365,1,1.1217391304347828,120,2012,-4.17,0,Tribhovandas Bhimji Zaveri Ltd,2012-05-09
4.605170185988092,6.01,8.0,2.17,4.8,0.3610648918469218,1,1.2520833333333334,80,2012,7.56,1,MT Educare Ltd,2012-04-12
4.836043783364212,7.07,1.7,3.4,4.93,0.48090523338048086,1,1.4340770791075053,106,2012,-5.66,0,NBCC (India) Ltd,2012-04-12
3.248434627109745,0.0,3.44,1.36,0.99,0.0,0,0.0,30,2012,-0.17,0,Olympic Cards Ltd,2012-03-28
6.498748907997604,49.12,150.35,24.14,54.13,0.4914495114006515,1,0.9074450397191944,1032,2012,34.4,1,Multi Commodity Exchange of India Ltd,2012-03-09
3.4210000089583352,0.0,0.02,3.35,1.18,0.0,1,0.0,74,2011,1.35,1,Indo Thai Securities Ltd,2011-11-02
4.659942421835071,0.51,2.35,1.6,1.17,3.1372549019607843,1,0.43589743589743596,155,2011,0.0,0,Flexituff Ventures International Ltd,2011-10-19
4.42484663185681,0.24,4.7,6.18,2.99,25.75,1,0.08026755852842808,150,2011,4.93,1,Taksheel Solutions Ltd,2011-10-19
3.6336309798834576,1.02,0.93,2.5,1.53,2.450980392156863,1,0.6666666666666666,110,2011,4.55,1,Onelife Capital Advisors Ltd,2011-10-17
4.543294782270004,1.03,1.56,2.35,1.57,2.2815533980582523,1,0.6560509554140127,186,2011,-3.23,0,Ujaas Energy Ltd,2011-10-20
3.5986811861957873,0.0,0.75,3.96,1.5,0.0,1,0.0,79,2011,7.59,1,RDB Rasayans Ltd,2011-10-07
4.110873864173311,0.31,2.76,4.68,2.21,15.096774193548386,1,0.14027149321266968,138,2011,5.07,1,Setubandhan Infrastructure Ltd,2011-10-04
4.801148069229532,0.98,1.84,1.64,1.34,1.673469387755102,1,0.7313432835820894,210,2011,-4.76,0,PG Electroplast Ltd,2011-09-26
5.429345628954441,6.52,0.38,0.38,2.92,0.05828220858895706,1,2.232876712328767,256,2011,-1.72,0,TD Power Systems Ltd,2011-09-08
5.318119993844216,0.75,5.11,0.32,1.25,0.4266666666666667,1,0.6,58,2011,-5.17,0,SRS Ltd,2011-09-16
4.1588830833596715,0.0,2.82,3.36,1.6,0.0,1,0.0,100,2011,10.0,1,Brooks Laboratories Ltd,2011-09-05
4.727918651247145,1.02,1.68,2.76,1.85,2.705882352941176,1,0.5513513513513514,135,2011,-1.63,0,Tree House Education & Accessories Ltd,2011-08-26
7.1276936993473985,1.93,6.18,9.61,5.34,4.979274611398964,1,0.36142322097378277,52,2011,-1.92,0,L&T Finance Holdings Ltd,2011-08-12
4.417635062141249,0.25,9.49,8.66,4.58,34.64,1,0.05458515283842795,117,2011,1.71,1,Inventure Growth & Securities Ltd,2011-08-04
4.027135812528651,0.0,1.94,5.06,2.06,0.0,1,0.0,82,2011,2.44,1,Bharatiya Global Infomedia Ltd,2011-07-28
3.5765502691400166,0.03,1.37,4.18,1.68,139.33333333333334,1,0.017857142857142856,108,2011,6.48,1,Kridhan Infra Ltd,2011-07-13
3.7290612437467683,0.23,1.35,6.57,2.62,28.565217391304348,1,0.08778625954198473,72,2011,12.85,1,Rushil Decor Ltd,2011-07-07
4.192378302493466,1.04,0.17,1.82,1.18,1.75,1,0.8813559322033899,10,2011,1.0,1,Birla Pacific Medspa Ltd,2011-07-07
3.188416617383492,0.65,3.22,14.22,5.78,21.876923076923077,1,0.11245674740484429,63,2011,14.29,1,Timbor Home Ltd,2011-06-22
3.2865344733420154,0.0,1.11,3.41,1.36,0.0,1,0.0,40,2011,9.88,1,VMS Industries Ltd,2011-06-14
8.429279589362132,6.92,1.2,2.0,4.34,0.28901734104046245,1,1.5944700460829493,203,2011,-2.66,0,Power Finance Corporation Ltd,2011-05-27
4.770684624465665,0.14,2.65,1.84,1.11,13.142857142857142,1,0.12612612612612611,234,2011,-1.94,0,Dr. Datsons Labs Ltd,2011-05-27
3.634951112088381,0.0,1.82,2.93,1.3,0.0,1,0.0,85,2011,0.0,0,BF Industrial & Technologies Ltd,2011-05-23
3.912023005428146,0.16,11.29,6.83,4.16,42.6875,1,0.038461538461538464,49,2011,-31.73,0,Vaswani Industries Ltd,2011-10-24
4.110873864173311,0.34,4.21,1.9,1.47,5.588235294117647,1,0.23129251700680273,29,2011,3.45,1,Servalakshmi Paper Ltd,2011-05-12
5.386374030368319,0.85,1.94,1.48,1.24,1.7411764705882353,1,0.6854838709677419,117,2011,-5.98,0,Innoventive Industries Ltd,2011-05-13
6.621405651764134,0.26,7.81,0.61,1.52,2.346153846153846,1,0.17105263157894737,10,2011,-5.0,0,Future Consumer Ltd,2011-05-10
3.8465240231954505,0.33,3.28,9.31,3.92,28.21212121212121,1,0.08418367346938777,35,2011,0.0,0,Paramount Printpac Ltd,2011-05-09
6.804891643522898,25.01,60.94,8.5,24.55,0.3398640543782487,1,1.0187372708757638,175,2011,2.86,1,Muthoot Finance Ltd,2011-05-06
4.040943785494986,1.04,6.39,5.74,3.48,5.519230769230769,1,0.2988505747126437,69,2011,13.55,1,Shilpi Cable Technologies Ltd,2011-04-08
6.0736894873636516,2.85,0.22,1.18,1.7,0.4140350877192982,1,1.6764705882352942,28,2011,0.0,0,PTC India Financial Services Ltd,2011-03-30
4.5462690780679305,21.87,99.87,20.84,35.21,0.9529035208047554,1,0.621130360692985,205,2011,27.56,1,Lovable Lingerie Ltd,2011-03-24
3.4170707308184456,0.0,0.22,4.38,1.57,0.0,1,0.0,70,2011,14.29,1,Fineotex Chemical Ltd,2011-03-11
5.14166355650266,1.12,2.0,1.21,1.28,1.0803571428571428,1,0.8750000000000001,90,2011,44.44,1,AcroPetal Technologies Ltd,2011-03-10
4.2623981472183505,0.17,4.47,2.28,1.55,13.411764705882351,1,0.10967741935483871,77,2011,-3.9,0,Sudar Industries Ltd,2011-03-11
4.386765389021055,0.82,5.27,9.9,4.67,12.073170731707318,1,0.17558886509635974,98,2011,-3.06,0,Omkar Speciality Chemicals Ltd,2011-02-10
8.154212694914229,10.41,7.21,1.6,6.03,0.15369836695485112,1,1.7263681592039801,610,2011,3.3,1,Tata Steel Ltd,2011-02-02
4.110873864173311,0.35,4.68,9.01,4.03,25.742857142857144,1,0.086848635235732,70,2011,4.29,1,Midvalley Entertainment & Hospitality Ltd,2011-01-27
5.111987788356544,1.02,3.92,4.82,2.78,4.7254901960784315,1,0.36690647482014394,110,2011,0.91,1,C Mahendra Exports Ltd,2011-01-20
6.175867270105761,49.8,85.84,44.45,50.75,0.8925702811244981,1,0.9812807881773399,120,2010,21.75,1,Punjab & Sind Bank,2010-12-30
6.655762048938863,0.68,3.12,0.33,0.96,0.4852941176470588,0,0.7083333333333334,400,2010,-2.5,0,A2Z Infra Engineering Ltd,2010-12-23
4.312140507209715,0.15,7.31,3.01,2.22,20.066666666666666,1,0.06756756756756756,64,2010,0.0,0,Ravikumar Distilleries Ltd,2010-12-27
7.061102779204137,4.19,3.67,6.56,4.92,1.56563245823389,1,0.8516260162601627,140,2010,-2.21,0,Shipping Corporation of India Ltd,2010-12-15
7.121664323180225,49.16,143.3,32.86,56.43,0.6684296175752644,1,0.8711678185362395,375,2010,46.93,1,MOIL Ltd,2010-12-15
5.707110264748875,1.31,2.03,1.6,1.5,1.2213740458015268,1,0.8733333333333334,228,2010,-1.58,0,Claris Lifescience Ltd,2010-12-20
3.907010463604602,0.16,7.27,5.6,2.97,35.0,1,0.05387205387205387,75,2010,0.0,0,RPP Infra Projects Ltd,2010-12-06
8.915074951821762,115.9,40.34,6.77,64.82,0.05841242450388265,1,1.7880283863005249,90,2010,5.56,1,Power Grid Corporation of India Ltd,2010-11-25
3.828641396489095,6.04,182.52,37.34,42.88,6.182119205298013,1,0.14085820895522388,125,2010,75.0,1,Gravita India Ltd,2010-11-16
9.629077022277587,24.7,25.4,2.31,15.28,0.09352226720647774,1,1.6164921465968587,245,2010,17.45,1,Coal India Ltd,2010-11-04
4.019441402195416,1.54,33.44,8.0,8.59,5.194805194805195,1,0.1792782305005821,71,2010,7.89,1,Shah Metacorp Ltd,2010-10-27
7.0909098220799835,4.32,0.24,0.08,2.26,0.018518518518518517,1,1.9115044247787614,183,2010,3.83,1,Prestige Estates Projects Ltd,2010-10-27
5.254626677923303,0.52,3.16,1.04,1.1,2.0,1,0.4727272727272727,248,2010,1.21,1,BS Ltd,2010-10-27
6.9369353687444635,22.15,3.61,0.94,12.13,0.042437923250564336,1,1.826051112943116,260,2010,7.69,1,Oberoi Realty Ltd,2010-10-20
5.1556587328104575,3.68,0.34,0.38,2.07,0.10326086956521739,1,1.777777777777778,127,2010,-3.31,0,Jupiter Wagons Ltd,2010-10-18
4.530446639792155,0.67,29.19,8.51,7.69,12.701492537313431,1,0.08712613784135241,102,2010,12.16,1,Bedmutha Industries Ltd,2010-10-14
3.9357395320454622,1.66,40.94,7.45,9.58,4.487951807228916,1,0.1732776617954071,100,2010,20.0,1,Sea TV Network Ltd,2010-10-14
5.420534999272286,25.52,13.91,3.46,15.94,0.13557993730407525,1,1.6010037641154329,324,2010,2.95,1,Ashoka Buildcon Ltd,2010-10-14
5.59437675112927,27.99,62.48,9.07,24.47,0.32404430153626296,1,1.1438496117695136,355,2010,12.51,1,Tecpro Systems Ltd,2010-10-12
6.160341968482009,36.13,100.98,8.55,36.22,0.23664544699695544,1,0.9975151849806737,1310,2010,26.34,1,Va Tech Wabag Ltd,2010-10-13
4.663439094112067,1.71,3.83,2.63,2.35,1.5380116959064327,1,0.727659574468085,135,2010,-0.89,0,Cantabil Retail India Ltd,2010-10-12
6.803505257608338,2.09,0.64,0.18,1.07,0.0861244019138756,1,1.9532710280373828,47,2010,-2.77,0,Orient Green Power Company Ltd,2010-10-08
6.274762021241939,4.52,1.45,0.99,2.89,0.21902654867256638,1,1.5640138408304496,450,2010,0.0,0,Ramky Infrastructure Ltd,2010-10-08
5.5177339814546125,5.86,28.58,6.19,8.23,1.0563139931740615,1,0.7120291616038882,11,2010,12.27,1,ESL Steel Ltd,2010-10-08
5.000584958242754,5.91,35.88,11.04,12.2,1.8680203045685277,1,0.48442622950819675,118,2010,14.49,1,Sastasundar Ventures Ltd,2010-10-05
5.860786223465865,25.79,73.4,11.95,26.51,0.46335789065529276,1,0.9728404375707279,175,2010,21.91,1,Eros International Media Ltd,2010-10-06
4.7535901911063645,47.45,101.93,31.74,47.39,0.6689146469968387,1,1.0012660898923824,310,2010,48.71,1,CP Capital Ltd,2010-10-06
3.960813169597578,1.78,23.18,12.59,8.77,7.073033707865168,1,0.20296465222348917,43,2010,25.47,1,Tirupati Inks Limited,2010-10-01
5.8805329864007,1.44,1.3,1.81,1.55,1.2569444444444444,1,0.9290322580645161,29,2010,2.59,1,Indosolar Limited,2010-09-29
6.318697806946573,13.2,85.7,9.15,19.94,0.6931818181818182,1,0.6619859578736208,46,2010,22.28,1,Gujarat Pipavav Port Limited,2010-09-09
4.244917420701475,1.27,10.91,6.62,4.53,5.21259842519685,1,0.2803532008830022,110,2010,7.77,1,Prakash Steelage Limited,2010-08-25
5.697093486505405,20.19,53.49,6.62,19.29,0.32788509162951956,1,1.0466562986003112,660,2010,10.61,1,Bajaj Consumer Care Limited,2010-08-18
7.3962003153664755,20.38,18.26,2.81,13.69,0.1378802747791953,1,1.4886778670562455,985,2010,5.18,1,Bharat Financial Inclusion Limited,2010-08-16
6.867297801350861,23.43,5.85,2.99,13.36,0.127614169867691,1,1.7537425149700598,290,2010,8.62,1,Engineers India Limited,2010-08-12
4.108411819433536,1.86,48.41,13.51,12.92,7.263440860215053,1,0.14396284829721362,133,2010,19.85,1,Midfield Industries Limited,2010-08-04
5.602118820879701,8.98,3.39,1.0,5.43,0.11135857461024498,1,1.6537753222836098,166,2010,2.41,1,Hindustan Media Ventures Limited,2010-07-21
4.2857910267930555,4.28,48.85,10.03,12.78,2.3434579439252334,1,0.33489827856025045,240,2010,10.42,1,Technofab Engineers Limited,2010-07-16
3.9908341858524357,0.01,12.46,7.41,4.47,741.0,1,0.002237136465324385,118,2010,8.22,1,Shri Aster Silicates Limited,2010-07-28
5.303304908059076,1.48,1.2,0.4,1.04,0.2702702702702703,1,1.423076923076923,75,2010,1.33,1,Parabolic Drugs Limited,2010-07-01
7.818973165707001,4.15,1.9,0.25,2.2,0.06024096385542168,1,1.8863636363636365,104,2010,0.96,1,Standard Chartered (India) Limited,2010-06-11
7.7225004312895695,1.77,1.15,0.61,1.24,0.3446327683615819,1,1.4274193548387097,102,2010,-8.82,0,Jaypee Infratech Limited,2010-05-21
6.969330037510988,9.03,3.39,3.12,6.64,0.345514950166113,1,1.3599397590361446,26,2010,7.69,1,SJVN Limited,2010-05-20
4.690430029938915,7.97,10.52,2.81,6.32,0.35257214554579674,1,1.2610759493670884,130,2010,2.08,1,GB Global Limited,2010-05-19
4.1705337005796475,0.03,5.08,2.74,1.74,91.33333333333334,1,0.017241379310344827,75,2010,0.0,0,Tarapur Transformers Limited,2010-05-18
6.0063531596017325,2.54,0.22,0.16,1.16,0.06299212598425197,1,2.189655172413793,54,2010,-7.41,0,Satchmo Holdings Limited,2010-05-13
4.362334001328145,35.43,51.48,8.43,28.39,0.23793395427603725,1,1.2479746389573794,128,2010,7.81,1,Talwalkars Better Value Fitness Limited,2010-05-10
4.848194792895451,0.78,3.0,0.66,1.07,0.8461538461538461,1,0.7289719626168224,135,2010,-3.7,0,Goenka Diamond & Jewellery Limited,2010-04-16
4.000949214622548,21.97,21.6,13.51,18.95,0.6149294492489759,1,1.1593667546174142,145,2010,-3.45,0,Intrasoft Technologies Limited,2010-04-12
5.918947616268805,1.38,6.13,1.39,1.96,1.0072463768115942,1,0.7040816326530612,260,2010,-0.44,0,Shree Ganesh Jewellery House (I) Limited,2010-04-09
5.129957884770136,144.43,107.73,21.69,93.6,0.15017655611715017,1,1.5430555555555556,310,2010,29.03,1,Persistent Systems Limited,2010-04-06
6.55250788703459,52.61,39.39,4.56,33.42,0.08667553697015776,1,1.5742070616397366,258,2010,11.24,1,IL&FS Transportation Networks Limited,2010-03-30
4.767289035464526,8.57,45.35,10.53,14.08,1.2287047841306884,1,0.6086647727272727,110,2010,9.09,1,Pradip Overseas Limited,2010-04-05
9.207165336882536,2.28,0.22,0.22,1.25,0.09649122807017545,1,1.8239999999999998,300,2010,-1.43,0,NMDC Limited,2010-03-29
4.8610519458900745,93.86,272.88,19.45,86.33,0.20722352439803962,1,1.0872234449206533,80,2010,68.75,1,DQ Entertainment (International) Limited,2010-03-29
5.786836029791487,47.08,39.15,9.8,33.38,0.20815632965165679,1,1.4104254044337925,66,2010,16.67,1,United Bank of India,2010-03-18
8.169319403430574,39.3,27.12,7.68,27.91,0.19541984732824427,1,1.4080974561089215,203,2010,13.3,1,REC Limited,2010-03-08
4.96109484853612,96.06,104.57,10.26,62.53,0.10680824484697064,1,1.53622261314569,252,2010,32.94,1,Man Infraconstruction Limited,2010-03-11
3.828641396489095,1.02,30.5,7.26,7.48,7.117647058823529,1,0.13636363636363635,90,2010,12.78,1,Texmo Pipes and Products Limited,2010-03-10
6.502790045915623,1.43,4.29,0.28,1.36,0.19580419580419584,1,1.051470588235294,240,2010,2.5,1,Hathway Cable & Datacom Limited,2010-02-25
4.6443908991413725,49.34,124.53,18.55,47.62,0.375962707742197,1,1.0361192776144479,450,2010,42.22,1,ARSS Infrastructure Projects Limited,2010-03-03
9.045436247219296,2.18,0.43,0.16,1.2,0.07339449541284403,1,1.8166666666666669,201,2010,1.49,1,NTPC Limited,2010-02-19
3.687878953780353,0.43,5.55,0.46,1.2,1.0697674418604652,1,0.35833333333333334,45,2010,1.11,1,Emmbi Industries Limited,2010-02-24
7.313886831633462,4.47,4.25,0.37,2.95,0.08277404921700224,1,1.5152542372881355,468,2010,-8.12,0,Valor Estates Limited,2010-02-24
3.392829131991639,0.52,1.52,2.26,1.12,4.346153846153846,1,0.46428571428571425,75,2010,-6.67,0,Thangamayil Jewellery Limited,2010-02-19
4.047427642434349,0.99,16.6,6.25,5.17,6.313131313131313,1,0.19148936170212766,75,2010,17.33,1,Syncom Healthcare Limited,2010-02-15
5.18850250054083,1.12,3.65,0.62,1.22,0.5535714285714285,1,0.918032786885246,165,2010,3.03,1,Vascon Engineers Limited,2010-02-15
5.017279836814924,0.26,5.07,3.0,1.94,11.538461538461538,1,0.13402061855670103,220,2010,-0.27,0,Aqua Logistics Limited,2010-02-23
5.798243809445027,59.39,51.95,3.79,31.11,0.06381545714766795,1,1.9090324654451944,145,2010,11.45,1,Jubilant Foodworks Limited,2010-02-08
3.5773890780805733,0.0,5.45,1.76,1.43,0.0,1,0.0,50,2010,-2.0,0,Birla Shloka Edutech Limited,2010-01-29
5.251225759014186,48.44,106.02,11.08,43.22,0.22873658133773742,1,1.1207774178621008,165,2010,8.09,1,Infinite Computer Solutions Limited,2010-02-03
5.953814599656076,68.52,26.17,3.42,39.54,0.04991243432574431,1,1.7329286798179058,212,2010,17.92,1,D B Corp Limited,2010-01-06
6.152413494829074,7.45,0.41,0.38,4.0,0.05100671140939597,1,1.8625,490,2010,4.08,1,Godrej Properties Limited,2010-01-05
7.901377353792616,2.88,0.15,0.4,1.68,0.1388888888888889,1,1.7142857142857142,100,2010,2.0,1,JSW Energy Limited,2010-01-04
4.640537329825382,3.35,2.65,0.4,1.97,0.11940298507462686,1,1.700507614213198,180,2010,5.56,1,MBL Infrastructure Limited,2010-01-11
